#
# There is insufficient memory for the Java Runtime Environment to continue.
# Native memory allocation (mmap) failed to map 341835776 bytes for G1 virtual space
# Possible reasons:
#   The system is out of physical RAM or swap space
#   The process is running with CompressedOops enabled, and the Java Heap may be blocking the growth of the native heap
# Possible solutions:
#   Reduce memory load on the system
#   Increase physical memory or swap space
#   Check if swap backing store is full
#   Decrease Java heap size (-Xmx/-Xms)
#   Decrease number of Java threads
#   Decrease Java thread stack sizes (-Xss)
#   Set larger code cache with -XX:ReservedCodeCacheSize=
#   JVM is running with Zero Based Compressed Oops mode in which the Java heap is
#     placed in the first 32GB address space. The Java Heap base address is the
#     maximum limit for the native heap growth. Please use -XX:HeapBaseMinAddress
#     to set the Java Heap base and to place the Java Heap above 32GB virtual address.
# This output file may be truncated or incomplete.
#
#  Out of Memory Error (os_windows.cpp:3551), pid=23992, tid=11140
#
# JRE version: Java(TM) SE Runtime Environment (17.0.17+8) (build 17.0.17+8-LTS-360)
# Java VM: Java HotSpot(TM) 64-Bit Server VM (17.0.17+8-LTS-360, mixed mode, sharing, tiered, compressed oops, compressed class ptrs, g1 gc, windows-amd64)
# No core dump will be written. Minidumps are not enabled by default on client versions of Windows
#

---------------  S U M M A R Y ------------

Command Line: --add-opens=java.base/java.lang=ALL-UNNAMED --add-opens=java.base/java.lang.invoke=ALL-UNNAMED --add-opens=java.base/java.util=ALL-UNNAMED --add-opens=java.prefs/java.util.prefs=ALL-UNNAMED --add-exports=jdk.compiler/com.sun.tools.javac.api=ALL-UNNAMED --add-exports=jdk.compiler/com.sun.tools.javac.util=ALL-UNNAMED --add-opens=java.base/java.util=ALL-UNNAMED --add-opens=java.prefs/java.util.prefs=ALL-UNNAMED --add-opens=java.base/java.nio.charset=ALL-UNNAMED --add-opens=java.base/java.net=ALL-UNNAMED --add-opens=java.base/java.util.concurrent=ALL-UNNAMED --add-opens=java.base/java.util.concurrent.atomic=ALL-UNNAMED --add-opens=java.xml/javax.xml.namespace=ALL-UNNAMED -XX:MaxMetaspaceSize=1024m -XX:+HeapDumpOnOutOfMemoryError -Xmx3072m -Dfile.encoding=UTF-8 -Duser.country=IN -Duser.language=en -Duser.variant -javaagent:C:\Users\ag913\.gradle\wrapper\dists\gradle-9.0.0-bin\d6wjpkvcgsg3oed0qlfss3wgl\gradle-9.0.0\lib\agents\gradle-instrumentation-agent-9.0.0.jar org.gradle.launcher.daemon.bootstrap.GradleDaemon 9.0.0

Host: 11th Gen Intel(R) Core(TM) i3-1115G4 @ 3.00GHz, 4 cores, 7G,  Windows 11 , 64 bit Build 26100 (10.0.26100.8875)
Time: Sun Jul 19 21:57:29 2026 India Standard Time elapsed time: 714.520600 seconds (0d 0h 11m 54s)

---------------  T H R E A D  ---------------

Current thread (0x00000185d21744e0):  VMThread "VM Thread" [stack: 0x000000070ae00000,0x000000070af00000] [id=11140]

Stack: [0x000000070ae00000,0x000000070af00000]
Native frames: (J=compiled Java code, j=interpreted, Vv=VM code, C=native code)
V  [jvm.dll+0x67a0ea]
V  [jvm.dll+0x7da56d]
V  [jvm.dll+0x7dbeb3]
V  [jvm.dll+0x7dc523]
V  [jvm.dll+0x2453af]
V  [jvm.dll+0x677119]
V  [jvm.dll+0x66bda2]
V  [jvm.dll+0x3022a6]
V  [jvm.dll+0x309846]
V  [jvm.dll+0x35a25e]
V  [jvm.dll+0x35a48f]
V  [jvm.dll+0x2d9378]
V  [jvm.dll+0x2d77ad]
V  [jvm.dll+0x2d6dfc]
V  [jvm.dll+0x31a95b]
V  [jvm.dll+0x7e0e1b]
V  [jvm.dll+0x7e1b54]
V  [jvm.dll+0x7e206d]
V  [jvm.dll+0x7e2444]
V  [jvm.dll+0x7e2510]
V  [jvm.dll+0x78af4a]
V  [jvm.dll+0x678fd5]
C  [ucrtbase.dll+0x2cd30]
C  [KERNEL32.DLL+0x2e957]
C  [ntdll.dll+0xaad6c]

VM_Operation (0x00000007113fe890): G1CollectForAllocation, mode: safepoint, requested by thread 0x000001861a4e9ad0


---------------  P R O C E S S  ---------------

Threads class SMR info:
_java_thread_list=0x000001861ad66d90, length=105, elements={
0x00000185b21adf30, 0x00000185d2175b20, 0x00000185d21765e0, 0x00000185d2190ee0,
0x00000185d21937b0, 0x00000185d2194070, 0x00000185d2194930, 0x00000185d2195930,
0x00000185d21abc00, 0x00000185d21c4cd0, 0x00000185d23b8120, 0x00000185d243db90,
0x000001860cdf73c0, 0x000001860ce574e0, 0x000001860ce5cfe0, 0x000001860ceb64b0,
0x000001860ceb6980, 0x000001860cee4090, 0x000001860cea4440, 0x000001860d24dfa0,
0x000001860d248bf0, 0x000001860d248720, 0x000001860d246a40, 0x000001860d2473e0,
0x000001860d2490c0, 0x000001860d246570, 0x000001860d249590, 0x000001860d246f10,
0x000001860d247d80, 0x000001860d249a60, 0x000001860d2478b0, 0x000001860d2460a0,
0x000001860d248250, 0x000001860e9c1650, 0x000001860e9c3330, 0x000001860e9c54e0,
0x000001860e9c1ff0, 0x000001860e9c3cd0, 0x000001860e9c1b20, 0x000001860e9c4670,
0x000001860e9c59b0, 0x000001860e9c3800, 0x000001860e9c5e80, 0x000001860e9c24c0,
0x000001860e9c6350, 0x000001860e9c2990, 0x000001860e9c6820, 0x000001860e9c2e60,
0x000001860e9c8500, 0x000001860e9c6cf0, 0x000001860e9c71c0, 0x000001860e9c7690,
0x0000018610eca140, 0x0000018610ec8e00, 0x0000018610ec75f0, 0x0000018610ec7ac0,
0x0000018610ec6780, 0x0000018610ecaae0, 0x0000018610ecb950, 0x0000018610ecafb0,
0x0000018610ecb480, 0x0000018610ec7f90, 0x0000018610ecc7c0, 0x0000018610ecdb00,
0x0000018610ecbe20, 0x0000018610eccc90, 0x0000018610ecd160, 0x0000018610ecd630,
0x0000018610ecc2f0, 0x0000018610ecdfd0, 0x000001860eb19630, 0x000001860eb17e20,
0x000001860eb187c0, 0x000001860eb1a970, 0x000001860eb19b00, 0x000001860eb18c90,
0x000001860eb19fd0, 0x000001860eb182f0, 0x000001860eb1a4a0, 0x000001860eb1ae40,
0x000001860eb17480, 0x000001860f8bd390, 0x000001860f8c16f0, 0x000001860f8c0d50,
0x000001860f8beba0, 0x000001860f8bfa10, 0x000001860f8bdd30, 0x0000018610180280,
0x000001861857a0f0, 0x0000018618577f40, 0x000001861017b0b0, 0x0000018617ae1670,
0x0000018617ae29b0, 0x0000018617ae3350, 0x0000018617ae0800, 0x0000018617ae59d0,
0x0000018618579c20, 0x0000018610ec8460, 0x000001861a57fab0, 0x000001861a580df0,
0x0000018617ae5030, 0x0000018617ae5500, 0x0000018617ae2e80, 0x000001861a4e9ad0,
0x000001861a4e6ab0
}

Java Threads: ( => current thread )
  0x00000185b21adf30 JavaThread "main" [_thread_blocked, id=13088, stack(0x000000070a800000,0x000000070a900000)]
  0x00000185d2175b20 JavaThread "Reference Handler" daemon [_thread_blocked, id=17876, stack(0x000000070af00000,0x000000070b000000)]
  0x00000185d21765e0 JavaThread "Finalizer" daemon [_thread_blocked, id=22876, stack(0x000000070b000000,0x000000070b100000)]
  0x00000185d2190ee0 JavaThread "Signal Dispatcher" daemon [_thread_blocked, id=17664, stack(0x000000070b100000,0x000000070b200000)]
  0x00000185d21937b0 JavaThread "Attach Listener" daemon [_thread_blocked, id=21820, stack(0x000000070b200000,0x000000070b300000)]
  0x00000185d2194070 JavaThread "Service Thread" daemon [_thread_blocked, id=21436, stack(0x000000070b300000,0x000000070b400000)]
  0x00000185d2194930 JavaThread "Monitor Deflation Thread" daemon [_thread_blocked, id=24432, stack(0x000000070b400000,0x000000070b500000)]
  0x00000185d2195930 JavaThread "C2 CompilerThread0" daemon [_thread_blocked, id=7300, stack(0x000000070b500000,0x000000070b600000)]
  0x00000185d21abc00 JavaThread "C1 CompilerThread0" daemon [_thread_blocked, id=6776, stack(0x000000070b600000,0x000000070b700000)]
  0x00000185d21c4cd0 JavaThread "Sweeper thread" daemon [_thread_blocked, id=24720, stack(0x000000070b700000,0x000000070b800000)]
  0x00000185d23b8120 JavaThread "Common-Cleaner" daemon [_thread_blocked, id=8768, stack(0x000000070b800000,0x000000070b900000)]
  0x00000185d243db90 JavaThread "Notification Thread" daemon [_thread_blocked, id=10568, stack(0x000000070b900000,0x000000070ba00000)]
  0x000001860cdf73c0 JavaThread "Daemon health stats" [_thread_blocked, id=16172, stack(0x000000070be00000,0x000000070bf00000)]
  0x000001860ce574e0 JavaThread "Incoming local TCP Connector on port 51568" [_thread_in_native, id=11764, stack(0x000000070bf00000,0x000000070c000000)]
  0x000001860ce5cfe0 JavaThread "Daemon periodic checks" [_thread_blocked, id=8044, stack(0x000000070c000000,0x000000070c100000)]
  0x000001860ceb64b0 JavaThread "Daemon" [_thread_blocked, id=26200, stack(0x000000070c100000,0x000000070c200000)]
  0x000001860ceb6980 JavaThread "Handler for socket connection from /127.0.0.1:51568 to /127.0.0.1:51569" [_thread_in_native, id=7116, stack(0x000000070c200000,0x000000070c300000)]
  0x000001860cee4090 JavaThread "Cancel handler" [_thread_blocked, id=24752, stack(0x000000070c300000,0x000000070c400000)]
  0x000001860cea4440 JavaThread "Daemon worker" [_thread_blocked, id=19612, stack(0x000000070c400000,0x000000070c500000)]
  0x000001860d24dfa0 JavaThread "Asynchronous log dispatcher for DefaultDaemonConnection: socket connection from /127.0.0.1:51568 to /127.0.0.1:51569" [_thread_blocked, id=14480, stack(0x000000070c500000,0x000000070c600000)]
  0x000001860d248bf0 JavaThread "Stdin handler" [_thread_blocked, id=21308, stack(0x000000070c600000,0x000000070c700000)]
  0x000001860d248720 JavaThread "Daemon client event forwarder" [_thread_blocked, id=23776, stack(0x000000070c700000,0x000000070c800000)]
  0x000001860d246a40 JavaThread "Cache worker for journal cache (C:\Users\ag913\.gradle\caches\journal-1)" [_thread_blocked, id=10552, stack(0x000000070c800000,0x000000070c900000)]
  0x000001860d2473e0 JavaThread "File lock request listener" [_thread_in_native, id=23632, stack(0x000000070c900000,0x000000070ca00000)]
  0x000001860d2490c0 JavaThread "Cache worker for file hash cache (C:\Users\ag913\.gradle\caches\9.0.0\fileHashes)" [_thread_blocked, id=2884, stack(0x000000070ca00000,0x000000070cb00000)]
  0x000001860d246570 JavaThread "Cache worker for file hash cache (C:\rnapp\mobile\android\.gradle\9.0.0\fileHashes)" [_thread_blocked, id=25464, stack(0x000000070cb00000,0x000000070cc00000)]
  0x000001860d249590 JavaThread "Cache worker for Build Output Cleanup Cache (C:\rnapp\mobile\android\.gradle\buildOutputCleanup)" [_thread_blocked, id=23280, stack(0x000000070cc00000,0x000000070cd00000)]
  0x000001860d246f10 JavaThread "File watcher server" daemon [_thread_blocked, id=25764, stack(0x000000070cd00000,0x000000070ce00000)]
  0x000001860d247d80 JavaThread "File watcher consumer" daemon [_thread_blocked, id=20132, stack(0x000000070ce00000,0x000000070cf00000)]
  0x000001860d249a60 JavaThread "Cache worker for checksums cache (C:\rnapp\mobile\android\.gradle\9.0.0\checksums)" [_thread_blocked, id=24320, stack(0x000000070cf00000,0x000000070d000000)]
  0x000001860d2478b0 JavaThread "Cache worker for file content cache (C:\Users\ag913\.gradle\caches\9.0.0\fileContent)" [_thread_blocked, id=6152, stack(0x000000070d000000,0x000000070d100000)]
  0x000001860d2460a0 JavaThread "Cache worker for cache directory md-supplier (C:\Users\ag913\.gradle\caches\9.0.0\md-supplier)" [_thread_blocked, id=17944, stack(0x000000070d200000,0x000000070d300000)]
  0x000001860d248250 JavaThread "Cache worker for cache directory md-rule (C:\Users\ag913\.gradle\caches\9.0.0\md-rule)" [_thread_blocked, id=22732, stack(0x000000070d300000,0x000000070d400000)]
  0x000001860e9c1650 JavaThread "jar transforms" [_thread_blocked, id=10248, stack(0x000000070d400000,0x000000070d500000)]
  0x000001860e9c3330 JavaThread "Cache worker for Build Output Cleanup Cache (C:\rnapp\mobile\node_modules\@react-native\gradle-plugin\.gradle\buildOutputCleanup)" [_thread_blocked, id=21740, stack(0x000000070d500000,0x000000070d600000)]
  0x000001860e9c54e0 JavaThread "Unconstrained build operations" [_thread_blocked, id=25228, stack(0x000000070d600000,0x000000070d700000)]
  0x000001860e9c1ff0 JavaThread "Unconstrained build operations Thread 2" [_thread_blocked, id=14264, stack(0x000000070d700000,0x000000070d800000)]
  0x000001860e9c3cd0 JavaThread "Unconstrained build operations Thread 3" [_thread_blocked, id=19120, stack(0x000000070d800000,0x000000070d900000)]
  0x000001860e9c1b20 JavaThread "Unconstrained build operations Thread 4" [_thread_blocked, id=27396, stack(0x000000070d900000,0x000000070da00000)]
  0x000001860e9c4670 JavaThread "Unconstrained build operations Thread 5" [_thread_blocked, id=24232, stack(0x000000070da00000,0x000000070db00000)]
  0x000001860e9c59b0 JavaThread "Unconstrained build operations Thread 6" [_thread_blocked, id=25856, stack(0x000000070db00000,0x000000070dc00000)]
  0x000001860e9c3800 JavaThread "Unconstrained build operations Thread 7" [_thread_blocked, id=5816, stack(0x000000070dd00000,0x000000070de00000)]
  0x000001860e9c5e80 JavaThread "Unconstrained build operations Thread 8" [_thread_blocked, id=19428, stack(0x000000070de00000,0x000000070df00000)]
  0x000001860e9c24c0 JavaThread "Unconstrained build operations Thread 9" [_thread_blocked, id=4152, stack(0x000000070df00000,0x000000070e000000)]
  0x000001860e9c6350 JavaThread "Unconstrained build operations Thread 10" [_thread_blocked, id=25212, stack(0x000000070e000000,0x000000070e100000)]
  0x000001860e9c2990 JavaThread "Unconstrained build operations Thread 11" [_thread_blocked, id=26760, stack(0x000000070e100000,0x000000070e200000)]
  0x000001860e9c6820 JavaThread "Unconstrained build operations Thread 12" [_thread_blocked, id=20292, stack(0x000000070e200000,0x000000070e300000)]
  0x000001860e9c2e60 JavaThread "Unconstrained build operations Thread 13" [_thread_blocked, id=25780, stack(0x000000070e300000,0x000000070e400000)]
  0x000001860e9c8500 JavaThread "Unconstrained build operations Thread 14" [_thread_blocked, id=20380, stack(0x000000070e400000,0x000000070e500000)]
  0x000001860e9c6cf0 JavaThread "Unconstrained build operations Thread 15" [_thread_blocked, id=8156, stack(0x000000070e500000,0x000000070e600000)]
  0x000001860e9c71c0 JavaThread "build event listener" [_thread_blocked, id=17112, stack(0x000000070e600000,0x000000070e700000)]
  0x000001860e9c7690 JavaThread "Memory manager" [_thread_blocked, id=23712, stack(0x000000070dc00000,0x000000070dd00000)]
  0x0000018610eca140 JavaThread "included builds" [_thread_blocked, id=18380, stack(0x000000070ed00000,0x000000070ee00000)]
  0x0000018610ec8e00 JavaThread "Execution worker" [_thread_blocked, id=2880, stack(0x000000070ee00000,0x000000070ef00000)]
  0x0000018610ec75f0 JavaThread "Execution worker Thread 2" [_thread_blocked, id=12284, stack(0x000000070ef00000,0x000000070f000000)]
  0x0000018610ec7ac0 JavaThread "Execution worker Thread 3" [_thread_blocked, id=23828, stack(0x000000070f000000,0x000000070f100000)]
  0x0000018610ec6780 JavaThread "Cache worker for execution history cache (C:\rnapp\mobile\node_modules\@react-native\gradle-plugin\.gradle\9.0.0\executionHistory)" [_thread_blocked, id=19736, stack(0x000000070f100000,0x000000070f200000)]
  0x0000018610ecaae0 JavaThread "Unconstrained build operations Thread 16" [_thread_blocked, id=16776, stack(0x000000070f200000,0x000000070f300000)]
  0x0000018610ecb950 JavaThread "Unconstrained build operations Thread 17" [_thread_blocked, id=27288, stack(0x000000070f300000,0x000000070f400000)]
  0x0000018610ecafb0 JavaThread "Unconstrained build operations Thread 18" [_thread_blocked, id=11508, stack(0x000000070f400000,0x000000070f500000)]
  0x0000018610ecb480 JavaThread "Unconstrained build operations Thread 19" [_thread_blocked, id=24420, stack(0x000000070f500000,0x000000070f600000)]
  0x0000018610ec7f90 JavaThread "Unconstrained build operations Thread 20" [_thread_blocked, id=20564, stack(0x000000070f600000,0x000000070f700000)]
  0x0000018610ecc7c0 JavaThread "Unconstrained build operations Thread 21" [_thread_blocked, id=17736, stack(0x000000070f700000,0x000000070f800000)]
  0x0000018610ecdb00 JavaThread "Unconstrained build operations Thread 22" [_thread_blocked, id=2776, stack(0x000000070f800000,0x000000070f900000)]
  0x0000018610ecbe20 JavaThread "Unconstrained build operations Thread 23" [_thread_blocked, id=17296, stack(0x000000070f900000,0x000000070fa00000)]
  0x0000018610eccc90 JavaThread "Unconstrained build operations Thread 24" [_thread_blocked, id=8408, stack(0x000000070fa00000,0x000000070fb00000)]
  0x0000018610ecd160 JavaThread "Unconstrained build operations Thread 25" [_thread_blocked, id=15524, stack(0x000000070fb00000,0x000000070fc00000)]
  0x0000018610ecd630 JavaThread "Unconstrained build operations Thread 26" [_thread_blocked, id=9644, stack(0x000000070fc00000,0x000000070fd00000)]
  0x0000018610ecc2f0 JavaThread "Unconstrained build operations Thread 27" [_thread_blocked, id=25668, stack(0x000000070fd00000,0x000000070fe00000)]
  0x0000018610ecdfd0 JavaThread "Unconstrained build operations Thread 28" [_thread_blocked, id=17356, stack(0x000000070fe00000,0x000000070ff00000)]
  0x000001860eb19630 JavaThread "Unconstrained build operations Thread 29" [_thread_blocked, id=23672, stack(0x000000070ff00000,0x0000000710000000)]
  0x000001860eb17e20 JavaThread "Unconstrained build operations Thread 30" [_thread_blocked, id=20648, stack(0x0000000710000000,0x0000000710100000)]
  0x000001860eb187c0 JavaThread "Unconstrained build operations Thread 31" [_thread_blocked, id=26568, stack(0x0000000710100000,0x0000000710200000)]
  0x000001860eb1a970 JavaThread "Unconstrained build operations Thread 32" [_thread_blocked, id=10296, stack(0x0000000710200000,0x0000000710300000)]
  0x000001860eb19b00 JavaThread "Unconstrained build operations Thread 33" [_thread_blocked, id=22364, stack(0x0000000710300000,0x0000000710400000)]
  0x000001860eb18c90 JavaThread "Unconstrained build operations Thread 34" [_thread_blocked, id=21672, stack(0x0000000710400000,0x0000000710500000)]
  0x000001860eb19fd0 JavaThread "Unconstrained build operations Thread 35" [_thread_blocked, id=1616, stack(0x0000000710500000,0x0000000710600000)]
  0x000001860eb182f0 JavaThread "Unconstrained build operations Thread 36" [_thread_blocked, id=21532, stack(0x0000000710600000,0x0000000710700000)]
  0x000001860eb1a4a0 JavaThread "Unconstrained build operations Thread 37" [_thread_blocked, id=23428, stack(0x0000000710700000,0x0000000710800000)]
  0x000001860eb1ae40 JavaThread "jar transforms Thread 2" [_thread_blocked, id=26136, stack(0x0000000710800000,0x0000000710900000)]
  0x000001860eb17480 JavaThread "jar transforms Thread 3" [_thread_blocked, id=17632, stack(0x0000000710900000,0x0000000710a00000)]
  0x000001860f8bd390 JavaThread "Unconstrained build operations Thread 38" [_thread_blocked, id=20588, stack(0x0000000710a00000,0x0000000710b00000)]
  0x000001860f8c16f0 JavaThread "Unconstrained build operations Thread 39" [_thread_blocked, id=12952, stack(0x0000000710b00000,0x0000000710c00000)]
  0x000001860f8c0d50 JavaThread "Unconstrained build operations Thread 40" [_thread_blocked, id=26772, stack(0x0000000710c00000,0x0000000710d00000)]
  0x000001860f8beba0 JavaThread "jar transforms Thread 4" [_thread_blocked, id=13560, stack(0x0000000710d00000,0x0000000710e00000)]
  0x000001860f8bfa10 JavaThread "build event listener" [_thread_blocked, id=27524, stack(0x0000000710f00000,0x0000000711000000)]
  0x000001860f8bdd30 JavaThread "Problems report writer" [_thread_blocked, id=17496, stack(0x0000000711100000,0x0000000711200000)]
  0x0000018610180280 JavaThread "Cache worker for execution history cache (C:\rnapp\mobile\android\.gradle\9.0.0\executionHistory)" [_thread_blocked, id=3584, stack(0x000000070a600000,0x000000070a700000)]
  0x000001861857a0f0 JavaThread "WorkerExecutor Queue Thread 2" [_thread_blocked, id=6308, stack(0x000000070ea00000,0x000000070eb00000)]
  0x0000018618577f40 JavaThread "WorkerExecutor Queue Thread 3" [_thread_blocked, id=8980, stack(0x000000070eb00000,0x000000070ec00000)]
  0x000001861017b0b0 JavaThread "WorkerExecutor Queue Thread 5" [_thread_blocked, id=9812, stack(0x0000000710e00000,0x0000000710f00000)]
  0x0000018617ae1670 JavaThread "RMI Scheduler(0)" daemon [_thread_blocked, id=21724, stack(0x000000070e900000,0x000000070ea00000)]
  0x0000018617ae29b0 JavaThread "RMI GC Daemon" daemon [_thread_blocked, id=20084, stack(0x0000000711900000,0x0000000711a00000)]
  0x0000018617ae3350 JavaThread "RMI TCP Accept-0" daemon [_thread_in_native, id=23492, stack(0x0000000711a00000,0x0000000711b00000)]
  0x0000018617ae0800 JavaThread "RMI Reaper" [_thread_blocked, id=23988, stack(0x0000000711b00000,0x0000000711c00000)]
  0x0000018617ae59d0 JavaThread "Cache worker for Java compile cache (C:\Users\ag913\.gradle\caches\9.0.0\javaCompile)" [_thread_blocked, id=21640, stack(0x0000000712000000,0x0000000712100000)]
  0x0000018618579c20 JavaThread "Build operations" [_thread_blocked, id=13580, stack(0x0000000712300000,0x0000000712400000)]
  0x0000018610ec8460 JavaThread "Build operations Thread 2" [_thread_blocked, id=14780, stack(0x0000000712400000,0x0000000712500000)]
  0x000001861a57fab0 JavaThread "Build operations Thread 3" [_thread_blocked, id=27568, stack(0x0000000712500000,0x0000000712600000)]
  0x000001861a580df0 JavaThread "Build operations Thread 4" [_thread_blocked, id=9756, stack(0x0000000711d00000,0x0000000711e00000)]
  0x0000018617ae5030 JavaThread "ForkJoinPool-1-worker-1" daemon [_thread_blocked, id=27084, stack(0x000000070e700000,0x000000070e800000)]
  0x0000018617ae5500 JavaThread "ForkJoinPool-1-worker-2" daemon [_thread_blocked, id=21712, stack(0x0000000711000000,0x0000000711100000)]
  0x0000018617ae2e80 JavaThread "ForkJoinPool-1-worker-3" daemon [_thread_blocked, id=27460, stack(0x0000000711200000,0x0000000711300000)]
  0x000001861a4e9ad0 JavaThread "ForkJoinPool-1-worker-4" daemon [_thread_blocked, id=20344, stack(0x0000000711300000,0x0000000711400000)]
  0x000001861a4e6ab0 JavaThread "WorkerExecutor Queue Thread 8" [_thread_blocked, id=23508, stack(0x000000070ec00000,0x000000070ed00000)]

Other Threads:
=>0x00000185d21744e0 VMThread "VM Thread" [stack: 0x000000070ae00000,0x000000070af00000] [id=11140]
  0x00000185b21ae9f0 WatcherThread [stack: 0x000000070ba00000,0x000000070bb00000] [id=22728]
  0x00000185b2205ba0 GCTaskThread "GC Thread#0" [stack: 0x000000070a900000,0x000000070aa00000] [id=24356]
  0x00000185d25476a0 GCTaskThread "GC Thread#1" [stack: 0x000000070bb00000,0x000000070bc00000] [id=26020]
  0x00000185d25193b0 GCTaskThread "GC Thread#2" [stack: 0x000000070bc00000,0x000000070bd00000] [id=25436]
  0x000001860ca1ad40 GCTaskThread "GC Thread#3" [stack: 0x000000070bd00000,0x000000070be00000] [id=20196]
  0x00000185b2213410 ConcurrentGCThread "G1 Main Marker" [stack: 0x000000070aa00000,0x000000070ab00000] [id=25268]
  0x00000185b2213bd0 ConcurrentGCThread "G1 Conc#0" [stack: 0x000000070ab00000,0x000000070ac00000] [id=21836]
  0x00000185b225a480 ConcurrentGCThread "G1 Refine#0" [stack: 0x000000070ac00000,0x000000070ad00000] [id=17752]
  0x000001860e576740 ConcurrentGCThread "G1 Refine#1" [stack: 0x000000070d100000,0x000000070d200000] [id=13276]
  0x000001860e731af0 ConcurrentGCThread "G1 Refine#2" [stack: 0x000000070e800000,0x000000070e900000] [id=20844]
  0x00000186183a8960 ConcurrentGCThread "G1 Refine#3" [stack: 0x0000000711500000,0x0000000711600000] [id=26124]
  0x00000185b225ac60 ConcurrentGCThread "G1 Service" [stack: 0x000000070ad00000,0x000000070ae00000] [id=21520]

Threads with active compile tasks:
C2 CompilerThread0   714587 54812       4       com.android.tools.r8.graph.D5::a (133 bytes)

VM state: at safepoint (normal execution)

VM Mutex/Monitor currently owned by a thread:  ([mutex/lock_event])
[0x00000185b21a8040] Threads_lock - owner thread: 0x00000185d21744e0
[0x00000185b21a9240] Heap_lock - owner thread: 0x000001861a4e9ad0

Heap address: 0x0000000740000000, size: 3072 MB, Compressed Oops mode: Zero based, Oop shift amount: 3

CDS archive(s) mapped at: [0x00000185d3000000-0x00000185d3bd0000-0x00000185d3bd0000), size 12386304, SharedBaseAddress: 0x00000185d3000000, ArchiveRelocationMode: 1.
Compressed class space mapped at: 0x00000185d4000000-0x0000018608000000, reserved size: 872415232
Narrow klass base: 0x00000185d3000000, Narrow klass shift: 0, Narrow klass range: 0x100000000

GC Precious Log:
 CPUs: 4 total, 4 available
 Memory: 7834M
 Large Page Support: Disabled
 NUMA Support: Disabled
 Compressed Oops: Enabled (Zero based)
 Heap Region Size: 2M
 Heap Min Capacity: 8M
 Heap Initial Capacity: 124M
 Heap Max Capacity: 3G
 Pre-touch: Disabled
 Parallel Workers: 4
 Concurrent Workers: 1
 Concurrent Refinement Workers: 4
 Periodic GC: Disabled

Heap:
 garbage-first heap   total 1982464K, used 1031981K [0x0000000740000000, 0x0000000800000000)
  region size 2048K, 6 young (12288K), 6 survivors (12288K)
 Metaspace       used 192644K, committed 195712K, reserved 1048576K
  class space    used 24929K, committed 26432K, reserved 851968K

Heap Regions: E=young(eden), S=young(survivor), O=old, HS=humongous(starts), HC=humongous(continues), CS=collection set, F=free, OA=open archive, CA=closed archive, TAMS=top-at-mark-start (previous, next)
|   0|0x0000000740000000, 0x0000000740200000, 0x0000000740200000|100%|HS|  |TAMS 0x0000000740200000, 0x0000000740000000| Complete 
|   1|0x0000000740200000, 0x0000000740400000, 0x0000000740400000|100%|HC|  |TAMS 0x0000000740400000, 0x0000000740200000| Complete 
|   2|0x0000000740400000, 0x0000000740600000, 0x0000000740600000|100%| O|  |TAMS 0x0000000740600000, 0x0000000740400000| Untracked 
|   3|0x0000000740600000, 0x0000000740800000, 0x0000000740800000|100%| O|  |TAMS 0x0000000740800000, 0x0000000740600000| Untracked 
|   4|0x0000000740800000, 0x0000000740a00000, 0x0000000740a00000|100%| O|  |TAMS 0x0000000740a00000, 0x0000000740800000| Untracked 
|   5|0x0000000740a00000, 0x0000000740c00000, 0x0000000740c00000|100%| O|  |TAMS 0x0000000740c00000, 0x0000000740a00000| Untracked 
|   6|0x0000000740c00000, 0x0000000740e00000, 0x0000000740e00000|100%| O|  |TAMS 0x0000000740e00000, 0x0000000740c00000| Untracked 
|   7|0x0000000740e00000, 0x0000000740ffb600, 0x0000000741000000| 99%| O|  |TAMS 0x0000000740ffb600, 0x0000000740e00000| Untracked 
|   8|0x0000000741000000, 0x0000000741200000, 0x0000000741200000|100%| O|  |TAMS 0x0000000741200000, 0x0000000741000000| Untracked 
|   9|0x0000000741200000, 0x0000000741400000, 0x0000000741400000|100%| O|  |TAMS 0x0000000741400000, 0x0000000741200000| Untracked 
|  10|0x0000000741400000, 0x0000000741600000, 0x0000000741600000|100%| O|  |TAMS 0x0000000741600000, 0x0000000741400000| Untracked 
|  11|0x0000000741600000, 0x0000000741800000, 0x0000000741800000|100%| O|  |TAMS 0x0000000741800000, 0x0000000741600000| Untracked 
|  12|0x0000000741800000, 0x0000000741a00000, 0x0000000741a00000|100%| O|  |TAMS 0x0000000741a00000, 0x0000000741800000| Untracked 
|  13|0x0000000741a00000, 0x0000000741c00000, 0x0000000741c00000|100%| O|  |TAMS 0x0000000741c00000, 0x0000000741a00000| Untracked 
|  14|0x0000000741c00000, 0x0000000741e00000, 0x0000000741e00000|100%| O|  |TAMS 0x0000000741e00000, 0x0000000741c00000| Untracked 
|  15|0x0000000741e00000, 0x0000000742000000, 0x0000000742000000|100%| O|  |TAMS 0x0000000742000000, 0x0000000741e00000| Untracked 
|  16|0x0000000742000000, 0x0000000742200000, 0x0000000742200000|100%| O|  |TAMS 0x0000000742200000, 0x0000000742000000| Untracked 
|  17|0x0000000742200000, 0x0000000742400000, 0x0000000742400000|100%|HS|  |TAMS 0x0000000742400000, 0x0000000742200000| Complete 
|  18|0x0000000742400000, 0x0000000742600000, 0x0000000742600000|100%|HC|  |TAMS 0x0000000742600000, 0x0000000742400000| Complete 
|  19|0x0000000742600000, 0x0000000742800000, 0x0000000742800000|100%|HS|  |TAMS 0x0000000742800000, 0x0000000742600000| Complete 
|  20|0x0000000742800000, 0x0000000742a00000, 0x0000000742a00000|100%|HC|  |TAMS 0x0000000742a00000, 0x0000000742800000| Complete 
|  21|0x0000000742a00000, 0x0000000742c00000, 0x0000000742c00000|100%| O|  |TAMS 0x0000000742c00000, 0x0000000742a00000| Untracked 
|  22|0x0000000742c00000, 0x0000000742e00000, 0x0000000742e00000|100%| O|  |TAMS 0x0000000742e00000, 0x0000000742c00000| Untracked 
|  23|0x0000000742e00000, 0x0000000743000000, 0x0000000743000000|100%| O|  |TAMS 0x0000000743000000, 0x0000000742e00000| Untracked 
|  24|0x0000000743000000, 0x0000000743200000, 0x0000000743200000|100%| O|  |TAMS 0x0000000743200000, 0x0000000743000000| Untracked 
|  25|0x0000000743200000, 0x0000000743400000, 0x0000000743400000|100%| O|  |TAMS 0x0000000743400000, 0x0000000743200000| Untracked 
|  26|0x0000000743400000, 0x0000000743600000, 0x0000000743600000|100%| O|  |TAMS 0x0000000743600000, 0x0000000743400000| Untracked 
|  27|0x0000000743600000, 0x0000000743800000, 0x0000000743800000|100%| O|  |TAMS 0x0000000743800000, 0x0000000743600000| Untracked 
|  28|0x0000000743800000, 0x0000000743a00000, 0x0000000743a00000|100%| O|  |TAMS 0x0000000743a00000, 0x0000000743800000| Untracked 
|  29|0x0000000743a00000, 0x0000000743c00000, 0x0000000743c00000|100%| O|  |TAMS 0x0000000743c00000, 0x0000000743a00000| Untracked 
|  30|0x0000000743c00000, 0x0000000743e00000, 0x0000000743e00000|100%| O|  |TAMS 0x0000000743e00000, 0x0000000743c00000| Untracked 
|  31|0x0000000743e00000, 0x0000000744000000, 0x0000000744000000|100%| O|  |TAMS 0x0000000744000000, 0x0000000743e00000| Untracked 
|  32|0x0000000744000000, 0x0000000744200000, 0x0000000744200000|100%| O|  |TAMS 0x0000000744200000, 0x0000000744000000| Untracked 
|  33|0x0000000744200000, 0x0000000744400000, 0x0000000744400000|100%| O|  |TAMS 0x0000000744400000, 0x0000000744200000| Untracked 
|  34|0x0000000744400000, 0x0000000744600000, 0x0000000744600000|100%| O|  |TAMS 0x0000000744600000, 0x0000000744400000| Untracked 
|  35|0x0000000744600000, 0x0000000744800000, 0x0000000744800000|100%| O|  |TAMS 0x0000000744800000, 0x0000000744600000| Untracked 
|  36|0x0000000744800000, 0x0000000744a00000, 0x0000000744a00000|100%| O|  |TAMS 0x0000000744a00000, 0x0000000744800000| Untracked 
|  37|0x0000000744a00000, 0x0000000744c00000, 0x0000000744c00000|100%| O|  |TAMS 0x0000000744c00000, 0x0000000744a00000| Untracked 
|  38|0x0000000744c00000, 0x0000000744e00000, 0x0000000744e00000|100%| O|  |TAMS 0x0000000744e00000, 0x0000000744c00000| Untracked 
|  39|0x0000000744e00000, 0x0000000745000000, 0x0000000745000000|100%| O|  |TAMS 0x0000000744e00000, 0x0000000744e00000| Untracked 
|  40|0x0000000745000000, 0x0000000745200000, 0x0000000745200000|100%| O|  |TAMS 0x0000000745200000, 0x0000000745000000| Untracked 
|  41|0x0000000745200000, 0x0000000745400000, 0x0000000745400000|100%| O|  |TAMS 0x0000000745400000, 0x0000000745200000| Untracked 
|  42|0x0000000745400000, 0x0000000745600000, 0x0000000745600000|100%| O|  |TAMS 0x0000000745600000, 0x0000000745400000| Untracked 
|  43|0x0000000745600000, 0x0000000745800000, 0x0000000745800000|100%|HS|  |TAMS 0x0000000745800000, 0x0000000745600000| Complete 
|  44|0x0000000745800000, 0x0000000745a00000, 0x0000000745a00000|100%|HC|  |TAMS 0x0000000745a00000, 0x0000000745800000| Complete 
|  45|0x0000000745a00000, 0x0000000745c00000, 0x0000000745c00000|100%| O|  |TAMS 0x0000000745c00000, 0x0000000745a00000| Untracked 
|  46|0x0000000745c00000, 0x0000000745e00000, 0x0000000745e00000|100%| O|  |TAMS 0x0000000745e00000, 0x0000000745c00000| Untracked 
|  47|0x0000000745e00000, 0x0000000746000000, 0x0000000746000000|100%| O|  |TAMS 0x0000000746000000, 0x0000000745e00000| Untracked 
|  48|0x0000000746000000, 0x0000000746200000, 0x0000000746200000|100%| O|  |TAMS 0x0000000746200000, 0x0000000746000000| Untracked 
|  49|0x0000000746200000, 0x0000000746400000, 0x0000000746400000|100%| O|  |TAMS 0x0000000746400000, 0x0000000746200000| Untracked 
|  50|0x0000000746400000, 0x0000000746600000, 0x0000000746600000|100%| O|  |TAMS 0x0000000746400000, 0x0000000746400000| Untracked 
|  51|0x0000000746600000, 0x0000000746800000, 0x0000000746800000|100%| O|  |TAMS 0x0000000746800000, 0x0000000746600000| Untracked 
|  52|0x0000000746800000, 0x0000000746a00000, 0x0000000746a00000|100%| O|  |TAMS 0x0000000746a00000, 0x0000000746800000| Untracked 
|  53|0x0000000746a00000, 0x0000000746c00000, 0x0000000746c00000|100%| O|  |TAMS 0x0000000746c00000, 0x0000000746a00000| Untracked 
|  54|0x0000000746c00000, 0x0000000746e00000, 0x0000000746e00000|100%| O|  |TAMS 0x0000000746e00000, 0x0000000746c00000| Untracked 
|  55|0x0000000746e00000, 0x0000000747000000, 0x0000000747000000|100%|HS|  |TAMS 0x0000000746e00000, 0x0000000746e00000| Complete 
|  56|0x0000000747000000, 0x0000000747200000, 0x0000000747200000|100%| O|  |TAMS 0x0000000747200000, 0x0000000747000000| Untracked 
|  57|0x0000000747200000, 0x0000000747400000, 0x0000000747400000|100%| O|  |TAMS 0x0000000747400000, 0x0000000747200000| Untracked 
|  58|0x0000000747400000, 0x0000000747600000, 0x0000000747600000|100%| O|  |TAMS 0x0000000747600000, 0x0000000747400000| Untracked 
|  59|0x0000000747600000, 0x0000000747800000, 0x0000000747800000|100%| O|  |TAMS 0x0000000747800000, 0x0000000747600000| Untracked 
|  60|0x0000000747800000, 0x0000000747a00000, 0x0000000747a00000|100%| O|  |TAMS 0x0000000747a00000, 0x0000000747800000| Untracked 
|  61|0x0000000747a00000, 0x0000000747c00000, 0x0000000747c00000|100%| O|  |TAMS 0x0000000747c00000, 0x0000000747a00000| Untracked 
|  62|0x0000000747c00000, 0x0000000747e00000, 0x0000000747e00000|100%| O|  |TAMS 0x0000000747e00000, 0x0000000747c00000| Untracked 
|  63|0x0000000747e00000, 0x0000000748000000, 0x0000000748000000|100%| O|  |TAMS 0x0000000748000000, 0x0000000747e00000| Untracked 
|  64|0x0000000748000000, 0x0000000748200000, 0x0000000748200000|100%| O|  |TAMS 0x0000000748200000, 0x0000000748000000| Untracked 
|  65|0x0000000748200000, 0x0000000748400000, 0x0000000748400000|100%| O|  |TAMS 0x0000000748400000, 0x0000000748200000| Untracked 
|  66|0x0000000748400000, 0x0000000748600000, 0x0000000748600000|100%| O|  |TAMS 0x0000000748600000, 0x0000000748400000| Untracked 
|  67|0x0000000748600000, 0x0000000748800000, 0x0000000748800000|100%| O|  |TAMS 0x0000000748800000, 0x0000000748600000| Untracked 
|  68|0x0000000748800000, 0x0000000748a00000, 0x0000000748a00000|100%| O|  |TAMS 0x0000000748a00000, 0x0000000748800000| Untracked 
|  69|0x0000000748a00000, 0x0000000748c00000, 0x0000000748c00000|100%| O|  |TAMS 0x0000000748c00000, 0x0000000748a00000| Untracked 
|  70|0x0000000748c00000, 0x0000000748e00000, 0x0000000748e00000|100%| O|  |TAMS 0x0000000748e00000, 0x0000000748c00000| Untracked 
|  71|0x0000000748e00000, 0x0000000749000000, 0x0000000749000000|100%|HS|  |TAMS 0x0000000749000000, 0x0000000748e00000| Complete 
|  72|0x0000000749000000, 0x0000000749200000, 0x0000000749200000|100%| O|  |TAMS 0x0000000749200000, 0x0000000749000000| Untracked 
|  73|0x0000000749200000, 0x0000000749400000, 0x0000000749400000|100%| O|  |TAMS 0x0000000749400000, 0x0000000749200000| Untracked 
|  74|0x0000000749400000, 0x0000000749600000, 0x0000000749600000|100%| O|  |TAMS 0x0000000749600000, 0x0000000749400000| Untracked 
|  75|0x0000000749600000, 0x0000000749800000, 0x0000000749800000|100%| O|  |TAMS 0x0000000749800000, 0x0000000749600000| Untracked 
|  76|0x0000000749800000, 0x0000000749a00000, 0x0000000749a00000|100%| O|  |TAMS 0x0000000749a00000, 0x0000000749800000| Untracked 
|  77|0x0000000749a00000, 0x0000000749c00000, 0x0000000749c00000|100%| O|  |TAMS 0x0000000749c00000, 0x0000000749a00000| Untracked 
|  78|0x0000000749c00000, 0x0000000749e00000, 0x0000000749e00000|100%| O|  |TAMS 0x0000000749e00000, 0x0000000749c00000| Untracked 
|  79|0x0000000749e00000, 0x000000074a000000, 0x000000074a000000|100%| O|  |TAMS 0x000000074a000000, 0x0000000749e00000| Untracked 
|  80|0x000000074a000000, 0x000000074a200000, 0x000000074a200000|100%| O|  |TAMS 0x000000074a200000, 0x000000074a000000| Untracked 
|  81|0x000000074a200000, 0x000000074a400000, 0x000000074a400000|100%| O|  |TAMS 0x000000074a400000, 0x000000074a200000| Untracked 
|  82|0x000000074a400000, 0x000000074a600000, 0x000000074a600000|100%| O|  |TAMS 0x000000074a600000, 0x000000074a400000| Untracked 
|  83|0x000000074a600000, 0x000000074a800000, 0x000000074a800000|100%| O|  |TAMS 0x000000074a800000, 0x000000074a600000| Untracked 
|  84|0x000000074a800000, 0x000000074aa00000, 0x000000074aa00000|100%| O|  |TAMS 0x000000074aa00000, 0x000000074a800000| Untracked 
|  85|0x000000074aa00000, 0x000000074ac00000, 0x000000074ac00000|100%| O|  |TAMS 0x000000074ac00000, 0x000000074aa00000| Untracked 
|  86|0x000000074ac00000, 0x000000074ae00000, 0x000000074ae00000|100%| O|  |TAMS 0x000000074ae00000, 0x000000074ac00000| Untracked 
|  87|0x000000074ae00000, 0x000000074b000000, 0x000000074b000000|100%| O|  |TAMS 0x000000074b000000, 0x000000074ae00000| Untracked 
|  88|0x000000074b000000, 0x000000074b200000, 0x000000074b200000|100%| O|  |TAMS 0x000000074b200000, 0x000000074b000000| Untracked 
|  89|0x000000074b200000, 0x000000074b400000, 0x000000074b400000|100%| O|  |TAMS 0x000000074b400000, 0x000000074b200000| Untracked 
|  90|0x000000074b400000, 0x000000074b600000, 0x000000074b600000|100%| O|  |TAMS 0x000000074b600000, 0x000000074b400000| Untracked 
|  91|0x000000074b600000, 0x000000074b800000, 0x000000074b800000|100%| O|  |TAMS 0x000000074b800000, 0x000000074b600000| Untracked 
|  92|0x000000074b800000, 0x000000074ba00000, 0x000000074ba00000|100%| O|  |TAMS 0x000000074ba00000, 0x000000074b800000| Untracked 
|  93|0x000000074ba00000, 0x000000074bc00000, 0x000000074bc00000|100%| O|  |TAMS 0x000000074bc00000, 0x000000074ba00000| Untracked 
|  94|0x000000074bc00000, 0x000000074be00000, 0x000000074be00000|100%| O|  |TAMS 0x000000074be00000, 0x000000074bc00000| Untracked 
|  95|0x000000074be00000, 0x000000074c000000, 0x000000074c000000|100%| O|  |TAMS 0x000000074c000000, 0x000000074be00000| Untracked 
|  96|0x000000074c000000, 0x000000074c200000, 0x000000074c200000|100%| O|  |TAMS 0x000000074c200000, 0x000000074c000000| Untracked 
|  97|0x000000074c200000, 0x000000074c400000, 0x000000074c400000|100%| O|  |TAMS 0x000000074c400000, 0x000000074c200000| Untracked 
|  98|0x000000074c400000, 0x000000074c600000, 0x000000074c600000|100%| O|  |TAMS 0x000000074c600000, 0x000000074c400000| Untracked 
|  99|0x000000074c600000, 0x000000074c800000, 0x000000074c800000|100%| O|  |TAMS 0x000000074c800000, 0x000000074c600000| Untracked 
| 100|0x000000074c800000, 0x000000074ca00000, 0x000000074ca00000|100%| O|  |TAMS 0x000000074ca00000, 0x000000074c800000| Untracked 
| 101|0x000000074ca00000, 0x000000074cc00000, 0x000000074cc00000|100%| O|  |TAMS 0x000000074cc00000, 0x000000074ca00000| Untracked 
| 102|0x000000074cc00000, 0x000000074ce00000, 0x000000074ce00000|100%| O|  |TAMS 0x000000074cc00000, 0x000000074cc00000| Untracked 
| 103|0x000000074ce00000, 0x000000074d000000, 0x000000074d000000|100%| O|  |TAMS 0x000000074d000000, 0x000000074ce00000| Untracked 
| 104|0x000000074d000000, 0x000000074d200000, 0x000000074d200000|100%| O|  |TAMS 0x000000074d200000, 0x000000074d000000| Untracked 
| 105|0x000000074d200000, 0x000000074d400000, 0x000000074d400000|100%| O|  |TAMS 0x000000074d400000, 0x000000074d200000| Untracked 
| 106|0x000000074d400000, 0x000000074d600000, 0x000000074d600000|100%| O|  |TAMS 0x000000074d600000, 0x000000074d400000| Untracked 
| 107|0x000000074d600000, 0x000000074d800000, 0x000000074d800000|100%| O|  |TAMS 0x000000074d800000, 0x000000074d600000| Untracked 
| 108|0x000000074d800000, 0x000000074da00000, 0x000000074da00000|100%| O|  |TAMS 0x000000074da00000, 0x000000074d800000| Untracked 
| 109|0x000000074da00000, 0x000000074dc00000, 0x000000074dc00000|100%| O|  |TAMS 0x000000074dc00000, 0x000000074da00000| Untracked 
| 110|0x000000074dc00000, 0x000000074de00000, 0x000000074de00000|100%| O|  |TAMS 0x000000074de00000, 0x000000074dc00000| Untracked 
| 111|0x000000074de00000, 0x000000074e000000, 0x000000074e000000|100%| O|  |TAMS 0x000000074e000000, 0x000000074de00000| Untracked 
| 112|0x000000074e000000, 0x000000074e200000, 0x000000074e200000|100%| O|  |TAMS 0x000000074e200000, 0x000000074e000000| Untracked 
| 113|0x000000074e200000, 0x000000074e400000, 0x000000074e400000|100%| O|  |TAMS 0x000000074e400000, 0x000000074e200000| Untracked 
| 114|0x000000074e400000, 0x000000074e600000, 0x000000074e600000|100%| O|  |TAMS 0x000000074e600000, 0x000000074e400000| Untracked 
| 115|0x000000074e600000, 0x000000074e800000, 0x000000074e800000|100%| O|  |TAMS 0x000000074e800000, 0x000000074e600000| Untracked 
| 116|0x000000074e800000, 0x000000074ea00000, 0x000000074ea00000|100%| O|  |TAMS 0x000000074ea00000, 0x000000074e800000| Untracked 
| 117|0x000000074ea00000, 0x000000074ec00000, 0x000000074ec00000|100%| O|  |TAMS 0x000000074ec00000, 0x000000074ea00000| Untracked 
| 118|0x000000074ec00000, 0x000000074ee00000, 0x000000074ee00000|100%| O|  |TAMS 0x000000074ee00000, 0x000000074ec00000| Untracked 
| 119|0x000000074ee00000, 0x000000074f000000, 0x000000074f000000|100%| O|  |TAMS 0x000000074f000000, 0x000000074ee00000| Untracked 
| 120|0x000000074f000000, 0x000000074f200000, 0x000000074f200000|100%| O|  |TAMS 0x000000074f200000, 0x000000074f000000| Untracked 
| 121|0x000000074f200000, 0x000000074f400000, 0x000000074f400000|100%| O|  |TAMS 0x000000074f400000, 0x000000074f200000| Untracked 
| 122|0x000000074f400000, 0x000000074f600000, 0x000000074f600000|100%| O|  |TAMS 0x000000074f600000, 0x000000074f400000| Untracked 
| 123|0x000000074f600000, 0x000000074f800000, 0x000000074f800000|100%| O|  |TAMS 0x000000074f800000, 0x000000074f600000| Untracked 
| 124|0x000000074f800000, 0x000000074fa00000, 0x000000074fa00000|100%| O|  |TAMS 0x000000074fa00000, 0x000000074f800000| Untracked 
| 125|0x000000074fa00000, 0x000000074fc00000, 0x000000074fc00000|100%| O|  |TAMS 0x000000074fc00000, 0x000000074fa00000| Untracked 
| 126|0x000000074fc00000, 0x000000074fe00000, 0x000000074fe00000|100%| O|  |TAMS 0x000000074fe00000, 0x000000074fc00000| Untracked 
| 127|0x000000074fe00000, 0x0000000750000000, 0x0000000750000000|100%| O|  |TAMS 0x0000000750000000, 0x000000074fe00000| Untracked 
| 128|0x0000000750000000, 0x0000000750200000, 0x0000000750200000|100%| O|  |TAMS 0x0000000750200000, 0x0000000750000000| Untracked 
| 129|0x0000000750200000, 0x0000000750400000, 0x0000000750400000|100%| O|  |TAMS 0x0000000750400000, 0x0000000750200000| Untracked 
| 130|0x0000000750400000, 0x0000000750600000, 0x0000000750600000|100%| O|  |TAMS 0x0000000750600000, 0x0000000750400000| Untracked 
| 131|0x0000000750600000, 0x0000000750800000, 0x0000000750800000|100%| O|  |TAMS 0x0000000750800000, 0x0000000750600000| Untracked 
| 132|0x0000000750800000, 0x0000000750a00000, 0x0000000750a00000|100%| O|  |TAMS 0x0000000750a00000, 0x0000000750800000| Untracked 
| 133|0x0000000750a00000, 0x0000000750c00000, 0x0000000750c00000|100%| O|  |TAMS 0x0000000750c00000, 0x0000000750a00000| Untracked 
| 134|0x0000000750c00000, 0x0000000750e00000, 0x0000000750e00000|100%| O|  |TAMS 0x0000000750e00000, 0x0000000750c00000| Untracked 
| 135|0x0000000750e00000, 0x0000000751000000, 0x0000000751000000|100%| O|  |TAMS 0x0000000751000000, 0x0000000750e00000| Untracked 
| 136|0x0000000751000000, 0x0000000751200000, 0x0000000751200000|100%| O|  |TAMS 0x0000000751200000, 0x0000000751000000| Untracked 
| 137|0x0000000751200000, 0x0000000751400000, 0x0000000751400000|100%| O|  |TAMS 0x0000000751400000, 0x0000000751200000| Untracked 
| 138|0x0000000751400000, 0x0000000751600000, 0x0000000751600000|100%| O|  |TAMS 0x0000000751600000, 0x0000000751400000| Untracked 
| 139|0x0000000751600000, 0x0000000751800000, 0x0000000751800000|100%| O|  |TAMS 0x0000000751800000, 0x0000000751600000| Untracked 
| 140|0x0000000751800000, 0x0000000751a00000, 0x0000000751a00000|100%| O|  |TAMS 0x0000000751a00000, 0x0000000751800000| Untracked 
| 141|0x0000000751a00000, 0x0000000751c00000, 0x0000000751c00000|100%| O|  |TAMS 0x0000000751c00000, 0x0000000751a00000| Untracked 
| 142|0x0000000751c00000, 0x0000000751e00000, 0x0000000751e00000|100%| O|  |TAMS 0x0000000751e00000, 0x0000000751c00000| Untracked 
| 143|0x0000000751e00000, 0x0000000752000000, 0x0000000752000000|100%| O|  |TAMS 0x0000000752000000, 0x0000000751e00000| Untracked 
| 144|0x0000000752000000, 0x0000000752200000, 0x0000000752200000|100%| O|  |TAMS 0x0000000752200000, 0x0000000752000000| Untracked 
| 145|0x0000000752200000, 0x0000000752400000, 0x0000000752400000|100%| O|  |TAMS 0x0000000752400000, 0x0000000752200000| Untracked 
| 146|0x0000000752400000, 0x0000000752600000, 0x0000000752600000|100%| O|  |TAMS 0x0000000752600000, 0x0000000752400000| Untracked 
| 147|0x0000000752600000, 0x0000000752800000, 0x0000000752800000|100%| O|  |TAMS 0x0000000752800000, 0x0000000752600000| Untracked 
| 148|0x0000000752800000, 0x0000000752a00000, 0x0000000752a00000|100%| O|  |TAMS 0x0000000752a00000, 0x0000000752800000| Untracked 
| 149|0x0000000752a00000, 0x0000000752c00000, 0x0000000752c00000|100%| O|  |TAMS 0x0000000752c00000, 0x0000000752a00000| Untracked 
| 150|0x0000000752c00000, 0x0000000752e00000, 0x0000000752e00000|100%| O|  |TAMS 0x0000000752e00000, 0x0000000752c00000| Untracked 
| 151|0x0000000752e00000, 0x0000000753000000, 0x0000000753000000|100%| O|  |TAMS 0x0000000753000000, 0x0000000752e00000| Untracked 
| 152|0x0000000753000000, 0x0000000753200000, 0x0000000753200000|100%| O|  |TAMS 0x0000000753200000, 0x0000000753000000| Untracked 
| 153|0x0000000753200000, 0x0000000753400000, 0x0000000753400000|100%| O|  |TAMS 0x0000000753400000, 0x0000000753200000| Untracked 
| 154|0x0000000753400000, 0x0000000753600000, 0x0000000753600000|100%| O|  |TAMS 0x0000000753600000, 0x0000000753400000| Untracked 
| 155|0x0000000753600000, 0x0000000753800000, 0x0000000753800000|100%| O|  |TAMS 0x0000000753800000, 0x0000000753600000| Untracked 
| 156|0x0000000753800000, 0x0000000753a00000, 0x0000000753a00000|100%| O|  |TAMS 0x0000000753a00000, 0x0000000753800000| Untracked 
| 157|0x0000000753a00000, 0x0000000753c00000, 0x0000000753c00000|100%| O|  |TAMS 0x0000000753c00000, 0x0000000753a00000| Untracked 
| 158|0x0000000753c00000, 0x0000000753e00000, 0x0000000753e00000|100%| O|  |TAMS 0x0000000753e00000, 0x0000000753c00000| Untracked 
| 159|0x0000000753e00000, 0x0000000754000000, 0x0000000754000000|100%| O|  |TAMS 0x0000000754000000, 0x0000000753e00000| Untracked 
| 160|0x0000000754000000, 0x0000000754200000, 0x0000000754200000|100%| O|  |TAMS 0x0000000754000000, 0x0000000754000000| Untracked 
| 161|0x0000000754200000, 0x0000000754400000, 0x0000000754400000|100%| O|  |TAMS 0x0000000754400000, 0x0000000754200000| Untracked 
| 162|0x0000000754400000, 0x0000000754600000, 0x0000000754600000|100%|HS|  |TAMS 0x0000000754400000, 0x0000000754400000| Complete 
| 163|0x0000000754600000, 0x0000000754800000, 0x0000000754800000|100%|HS|  |TAMS 0x0000000754600000, 0x0000000754600000| Complete 
| 164|0x0000000754800000, 0x0000000754a00000, 0x0000000754a00000|100%|HS|  |TAMS 0x0000000754800000, 0x0000000754800000| Complete 
| 165|0x0000000754a00000, 0x0000000754c00000, 0x0000000754c00000|100%| O|  |TAMS 0x0000000754a00000, 0x0000000754a00000| Untracked 
| 166|0x0000000754c00000, 0x0000000754e00000, 0x0000000754e00000|100%| O|  |TAMS 0x0000000754c00000, 0x0000000754c00000| Untracked 
| 167|0x0000000754e00000, 0x0000000755000000, 0x0000000755000000|100%| O|  |TAMS 0x0000000754e00000, 0x0000000754e00000| Untracked 
| 168|0x0000000755000000, 0x0000000755200000, 0x0000000755200000|100%|HS|  |TAMS 0x0000000755000000, 0x0000000755000000| Complete 
| 169|0x0000000755200000, 0x0000000755400000, 0x0000000755400000|100%|HS|  |TAMS 0x0000000755200000, 0x0000000755200000| Complete 
| 170|0x0000000755400000, 0x0000000755600000, 0x0000000755600000|100%| O|  |TAMS 0x0000000755400000, 0x0000000755400000| Untracked 
| 171|0x0000000755600000, 0x0000000755800000, 0x0000000755800000|100%|HS|  |TAMS 0x0000000755600000, 0x0000000755600000| Complete 
| 172|0x0000000755800000, 0x0000000755a00000, 0x0000000755a00000|100%|HS|  |TAMS 0x0000000755800000, 0x0000000755800000| Complete 
| 173|0x0000000755a00000, 0x0000000755c00000, 0x0000000755c00000|100%| O|  |TAMS 0x0000000755a00000, 0x0000000755a00000| Untracked 
| 174|0x0000000755c00000, 0x0000000755e00000, 0x0000000755e00000|100%| O|  |TAMS 0x0000000755e00000, 0x0000000755c00000| Untracked 
| 175|0x0000000755e00000, 0x0000000756000000, 0x0000000756000000|100%| O|  |TAMS 0x0000000755e00000, 0x0000000755e00000| Untracked 
| 176|0x0000000756000000, 0x0000000756200000, 0x0000000756200000|100%| O|  |TAMS 0x0000000756000000, 0x0000000756000000| Untracked 
| 177|0x0000000756200000, 0x0000000756400000, 0x0000000756400000|100%| O|  |TAMS 0x0000000756200000, 0x0000000756200000| Untracked 
| 178|0x0000000756400000, 0x0000000756600000, 0x0000000756600000|100%| O|  |TAMS 0x0000000756400000, 0x0000000756400000| Untracked 
| 179|0x0000000756600000, 0x0000000756800000, 0x0000000756800000|100%| O|  |TAMS 0x0000000756600000, 0x0000000756600000| Untracked 
| 180|0x0000000756800000, 0x0000000756a00000, 0x0000000756a00000|100%| O|  |TAMS 0x0000000756800000, 0x0000000756800000| Untracked 
| 181|0x0000000756a00000, 0x0000000756c00000, 0x0000000756c00000|100%| O|  |TAMS 0x0000000756a00000, 0x0000000756a00000| Untracked 
| 182|0x0000000756c00000, 0x0000000756e00000, 0x0000000756e00000|100%| O|  |TAMS 0x0000000756c00000, 0x0000000756c00000| Untracked 
| 183|0x0000000756e00000, 0x0000000757000000, 0x0000000757000000|100%| O|  |TAMS 0x0000000757000000, 0x0000000756e00000| Untracked 
| 184|0x0000000757000000, 0x0000000757200000, 0x0000000757200000|100%| O|  |TAMS 0x0000000757000000, 0x0000000757000000| Untracked 
| 185|0x0000000757200000, 0x0000000757400000, 0x0000000757400000|100%| O|  |TAMS 0x0000000757400000, 0x0000000757200000| Untracked 
| 186|0x0000000757400000, 0x0000000757600000, 0x0000000757600000|100%| O|  |TAMS 0x0000000757600000, 0x0000000757400000| Untracked 
| 187|0x0000000757600000, 0x0000000757800000, 0x0000000757800000|100%| O|  |TAMS 0x0000000757800000, 0x0000000757600000| Untracked 
| 188|0x0000000757800000, 0x0000000757a00000, 0x0000000757a00000|100%| O|  |TAMS 0x0000000757a00000, 0x0000000757800000| Untracked 
| 189|0x0000000757a00000, 0x0000000757c00000, 0x0000000757c00000|100%| O|  |TAMS 0x0000000757c00000, 0x0000000757a00000| Untracked 
| 190|0x0000000757c00000, 0x0000000757e00000, 0x0000000757e00000|100%| O|  |TAMS 0x0000000757e00000, 0x0000000757c00000| Untracked 
| 191|0x0000000757e00000, 0x0000000758000000, 0x0000000758000000|100%| O|  |TAMS 0x0000000757e00000, 0x0000000757e00000| Untracked 
| 192|0x0000000758000000, 0x0000000758200000, 0x0000000758200000|100%|HS|  |TAMS 0x0000000758200000, 0x0000000758000000| Complete 
| 193|0x0000000758200000, 0x0000000758400000, 0x0000000758400000|100%|HC|  |TAMS 0x0000000758400000, 0x0000000758200000| Complete 
| 194|0x0000000758400000, 0x0000000758600000, 0x0000000758600000|100%| O|  |TAMS 0x0000000758600000, 0x0000000758400000| Untracked 
| 195|0x0000000758600000, 0x0000000758800000, 0x0000000758800000|100%| O|  |TAMS 0x0000000758800000, 0x0000000758600000| Untracked 
| 196|0x0000000758800000, 0x0000000758a00000, 0x0000000758a00000|100%| O|  |TAMS 0x0000000758a00000, 0x0000000758800000| Untracked 
| 197|0x0000000758a00000, 0x0000000758c00000, 0x0000000758c00000|100%|HS|  |TAMS 0x0000000758a00000, 0x0000000758a00000| Complete 
| 198|0x0000000758c00000, 0x0000000758e00000, 0x0000000758e00000|100%|HC|  |TAMS 0x0000000758c00000, 0x0000000758c00000| Complete 
| 199|0x0000000758e00000, 0x0000000759000000, 0x0000000759000000|100%|HC|  |TAMS 0x0000000758e00000, 0x0000000758e00000| Complete 
| 200|0x0000000759000000, 0x0000000759200000, 0x0000000759200000|100%| O|  |TAMS 0x0000000759000000, 0x0000000759000000| Untracked 
| 201|0x0000000759200000, 0x0000000759400000, 0x0000000759400000|100%| O|  |TAMS 0x0000000759200000, 0x0000000759200000| Untracked 
| 202|0x0000000759400000, 0x0000000759600000, 0x0000000759600000|100%| O|  |TAMS 0x0000000759400000, 0x0000000759400000| Untracked 
| 203|0x0000000759600000, 0x0000000759800000, 0x0000000759800000|100%| O|  |TAMS 0x0000000759600000, 0x0000000759600000| Untracked 
| 204|0x0000000759800000, 0x0000000759a00000, 0x0000000759a00000|100%| O|  |TAMS 0x0000000759800000, 0x0000000759800000| Untracked 
| 205|0x0000000759a00000, 0x0000000759c00000, 0x0000000759c00000|100%| O|  |TAMS 0x0000000759c00000, 0x0000000759a00000| Untracked 
| 206|0x0000000759c00000, 0x0000000759e00000, 0x0000000759e00000|100%| O|  |TAMS 0x0000000759e00000, 0x0000000759c00000| Untracked 
| 207|0x0000000759e00000, 0x000000075a000000, 0x000000075a000000|100%| O|  |TAMS 0x0000000759e00000, 0x0000000759e00000| Untracked 
| 208|0x000000075a000000, 0x000000075a200000, 0x000000075a200000|100%| O|  |TAMS 0x000000075a200000, 0x000000075a000000| Untracked 
| 209|0x000000075a200000, 0x000000075a400000, 0x000000075a400000|100%| O|  |TAMS 0x000000075a400000, 0x000000075a200000| Untracked 
| 210|0x000000075a400000, 0x000000075a600000, 0x000000075a600000|100%|HS|  |TAMS 0x000000075a600000, 0x000000075a400000| Complete 
| 211|0x000000075a600000, 0x000000075a800000, 0x000000075a800000|100%| O|  |TAMS 0x000000075a800000, 0x000000075a600000| Untracked 
| 212|0x000000075a800000, 0x000000075aa00000, 0x000000075aa00000|100%| O|  |TAMS 0x000000075aa00000, 0x000000075a800000| Untracked 
| 213|0x000000075aa00000, 0x000000075ac00000, 0x000000075ac00000|100%| O|  |TAMS 0x000000075aa00000, 0x000000075aa00000| Untracked 
| 214|0x000000075ac00000, 0x000000075ae00000, 0x000000075ae00000|100%| O|  |TAMS 0x000000075ae00000, 0x000000075ac00000| Untracked 
| 215|0x000000075ae00000, 0x000000075b000000, 0x000000075b000000|100%| O|  |TAMS 0x000000075b000000, 0x000000075ae00000| Untracked 
| 216|0x000000075b000000, 0x000000075b200000, 0x000000075b200000|100%| O|  |TAMS 0x000000075b200000, 0x000000075b000000| Untracked 
| 217|0x000000075b200000, 0x000000075b400000, 0x000000075b400000|100%| O|  |TAMS 0x000000075b400000, 0x000000075b200000| Untracked 
| 218|0x000000075b400000, 0x000000075b600000, 0x000000075b600000|100%| O|  |TAMS 0x000000075b600000, 0x000000075b400000| Untracked 
| 219|0x000000075b600000, 0x000000075b800000, 0x000000075b800000|100%| O|  |TAMS 0x000000075b600000, 0x000000075b600000| Untracked 
| 220|0x000000075b800000, 0x000000075ba00000, 0x000000075ba00000|100%| O|  |TAMS 0x000000075ba00000, 0x000000075b800000| Untracked 
| 221|0x000000075ba00000, 0x000000075bc00000, 0x000000075bc00000|100%| O|  |TAMS 0x000000075bc00000, 0x000000075ba00000| Untracked 
| 222|0x000000075bc00000, 0x000000075be00000, 0x000000075be00000|100%| O|  |TAMS 0x000000075bc00000, 0x000000075bc00000| Untracked 
| 223|0x000000075be00000, 0x000000075c000000, 0x000000075c000000|100%| O|  |TAMS 0x000000075c000000, 0x000000075be00000| Untracked 
| 224|0x000000075c000000, 0x000000075c200000, 0x000000075c200000|100%| O|  |TAMS 0x000000075c200000, 0x000000075c000000| Untracked 
| 225|0x000000075c200000, 0x000000075c400000, 0x000000075c400000|100%|HS|  |TAMS 0x000000075c200000, 0x000000075c200000| Complete 
| 226|0x000000075c400000, 0x000000075c600000, 0x000000075c600000|100%|HC|  |TAMS 0x000000075c400000, 0x000000075c400000| Complete 
| 227|0x000000075c600000, 0x000000075c800000, 0x000000075c800000|100%|HC|  |TAMS 0x000000075c600000, 0x000000075c600000| Complete 
| 228|0x000000075c800000, 0x000000075ca00000, 0x000000075ca00000|100%| O|  |TAMS 0x000000075c800000, 0x000000075c800000| Untracked 
| 229|0x000000075ca00000, 0x000000075cc00000, 0x000000075cc00000|100%| O|  |TAMS 0x000000075cc00000, 0x000000075ca00000| Untracked 
| 230|0x000000075cc00000, 0x000000075ce00000, 0x000000075ce00000|100%| O|  |TAMS 0x000000075ce00000, 0x000000075cc00000| Untracked 
| 231|0x000000075ce00000, 0x000000075d000000, 0x000000075d000000|100%| O|  |TAMS 0x000000075d000000, 0x000000075ce00000| Untracked 
| 232|0x000000075d000000, 0x000000075d200000, 0x000000075d200000|100%| O|  |TAMS 0x000000075d200000, 0x000000075d000000| Untracked 
| 233|0x000000075d200000, 0x000000075d400000, 0x000000075d400000|100%| O|  |TAMS 0x000000075d200000, 0x000000075d200000| Untracked 
| 234|0x000000075d400000, 0x000000075d600000, 0x000000075d600000|100%| O|  |TAMS 0x000000075d400000, 0x000000075d400000| Untracked 
| 235|0x000000075d600000, 0x000000075d800000, 0x000000075d800000|100%| O|  |TAMS 0x000000075d600000, 0x000000075d600000| Untracked 
| 236|0x000000075d800000, 0x000000075da00000, 0x000000075da00000|100%| O|  |TAMS 0x000000075d800000, 0x000000075d800000| Untracked 
| 237|0x000000075da00000, 0x000000075dc00000, 0x000000075dc00000|100%| O|  |TAMS 0x000000075da00000, 0x000000075da00000| Untracked 
| 238|0x000000075dc00000, 0x000000075de00000, 0x000000075de00000|100%| O|  |TAMS 0x000000075dc00000, 0x000000075dc00000| Untracked 
| 239|0x000000075de00000, 0x000000075e000000, 0x000000075e000000|100%|HS|  |TAMS 0x000000075de00000, 0x000000075de00000| Complete 
| 240|0x000000075e000000, 0x000000075e200000, 0x000000075e200000|100%| O|  |TAMS 0x000000075e000000, 0x000000075e000000| Untracked 
| 241|0x000000075e200000, 0x000000075e400000, 0x000000075e400000|100%|HS|  |TAMS 0x000000075e200000, 0x000000075e200000| Complete 
| 242|0x000000075e400000, 0x000000075e600000, 0x000000075e600000|100%|HC|  |TAMS 0x000000075e400000, 0x000000075e400000| Complete 
| 243|0x000000075e600000, 0x000000075e800000, 0x000000075e800000|100%|HC|  |TAMS 0x000000075e600000, 0x000000075e600000| Complete 
| 244|0x000000075e800000, 0x000000075ea00000, 0x000000075ea00000|100%|HC|  |TAMS 0x000000075e800000, 0x000000075e800000| Complete 
| 245|0x000000075ea00000, 0x000000075ec00000, 0x000000075ec00000|100%| O|  |TAMS 0x000000075ea00000, 0x000000075ea00000| Untracked 
| 246|0x000000075ec00000, 0x000000075ee00000, 0x000000075ee00000|100%| O|  |TAMS 0x000000075ec00000, 0x000000075ec00000| Untracked 
| 247|0x000000075ee00000, 0x000000075f000000, 0x000000075f000000|100%| O|  |TAMS 0x000000075ee00000, 0x000000075ee00000| Untracked 
| 248|0x000000075f000000, 0x000000075f200000, 0x000000075f200000|100%| O|  |TAMS 0x000000075f200000, 0x000000075f000000| Untracked 
| 249|0x000000075f200000, 0x000000075f400000, 0x000000075f400000|100%| O|  |TAMS 0x000000075f400000, 0x000000075f200000| Untracked 
| 250|0x000000075f400000, 0x000000075f600000, 0x000000075f600000|100%| O|  |TAMS 0x000000075f600000, 0x000000075f400000| Untracked 
| 251|0x000000075f600000, 0x000000075f800000, 0x000000075f800000|100%| O|  |TAMS 0x000000075f800000, 0x000000075f600000| Untracked 
| 252|0x000000075f800000, 0x000000075fa00000, 0x000000075fa00000|100%| O|  |TAMS 0x000000075fa00000, 0x000000075f800000| Untracked 
| 253|0x000000075fa00000, 0x000000075fc00000, 0x000000075fc00000|100%| O|  |TAMS 0x000000075fc00000, 0x000000075fa00000| Untracked 
| 254|0x000000075fc00000, 0x000000075fe00000, 0x000000075fe00000|100%| O|  |TAMS 0x000000075fe00000, 0x000000075fc00000| Untracked 
| 255|0x000000075fe00000, 0x0000000760000000, 0x0000000760000000|100%|HS|  |TAMS 0x0000000760000000, 0x000000075fe00000| Complete 
| 256|0x0000000760000000, 0x0000000760200000, 0x0000000760200000|100%| O|  |TAMS 0x0000000760000000, 0x0000000760000000| Untracked 
| 257|0x0000000760200000, 0x0000000760400000, 0x0000000760400000|100%|HS|  |TAMS 0x0000000760200000, 0x0000000760200000| Complete 
| 258|0x0000000760400000, 0x0000000760600000, 0x0000000760600000|100%|HC|  |TAMS 0x0000000760400000, 0x0000000760400000| Complete 
| 259|0x0000000760600000, 0x0000000760800000, 0x0000000760800000|100%|HC|  |TAMS 0x0000000760600000, 0x0000000760600000| Complete 
| 260|0x0000000760800000, 0x0000000760a00000, 0x0000000760a00000|100%|HC|  |TAMS 0x0000000760800000, 0x0000000760800000| Complete 
| 261|0x0000000760a00000, 0x0000000760c00000, 0x0000000760c00000|100%|HC|  |TAMS 0x0000000760a00000, 0x0000000760a00000| Complete 
| 262|0x0000000760c00000, 0x0000000760e00000, 0x0000000760e00000|100%|HS|  |TAMS 0x0000000760c00000, 0x0000000760c00000| Complete 
| 263|0x0000000760e00000, 0x0000000761000000, 0x0000000761000000|100%| O|  |TAMS 0x0000000760e00000, 0x0000000760e00000| Untracked 
| 264|0x0000000761000000, 0x0000000761200000, 0x0000000761200000|100%| O|  |TAMS 0x0000000761000000, 0x0000000761000000| Untracked 
| 265|0x0000000761200000, 0x0000000761400000, 0x0000000761400000|100%| O|  |TAMS 0x0000000761200000, 0x0000000761200000| Untracked 
| 266|0x0000000761400000, 0x0000000761600000, 0x0000000761600000|100%| O|  |TAMS 0x0000000761400000, 0x0000000761400000| Untracked 
| 267|0x0000000761600000, 0x0000000761800000, 0x0000000761800000|100%| O|  |TAMS 0x0000000761600000, 0x0000000761600000| Untracked 
| 268|0x0000000761800000, 0x0000000761a00000, 0x0000000761a00000|100%| O|  |TAMS 0x0000000761800000, 0x0000000761800000| Untracked 
| 269|0x0000000761a00000, 0x0000000761c00000, 0x0000000761c00000|100%| O|  |TAMS 0x0000000761a00000, 0x0000000761a00000| Untracked 
| 270|0x0000000761c00000, 0x0000000761e00000, 0x0000000761e00000|100%| O|  |TAMS 0x0000000761c00000, 0x0000000761c00000| Untracked 
| 271|0x0000000761e00000, 0x0000000762000000, 0x0000000762000000|100%| O|  |TAMS 0x0000000761e00000, 0x0000000761e00000| Untracked 
| 272|0x0000000762000000, 0x0000000762200000, 0x0000000762200000|100%| O|  |TAMS 0x0000000762000000, 0x0000000762000000| Untracked 
| 273|0x0000000762200000, 0x0000000762400000, 0x0000000762400000|100%| O|  |TAMS 0x0000000762200000, 0x0000000762200000| Untracked 
| 274|0x0000000762400000, 0x0000000762600000, 0x0000000762600000|100%| O|  |TAMS 0x0000000762400000, 0x0000000762400000| Untracked 
| 275|0x0000000762600000, 0x0000000762800000, 0x0000000762800000|100%| O|  |TAMS 0x0000000762600000, 0x0000000762600000| Untracked 
| 276|0x0000000762800000, 0x0000000762a00000, 0x0000000762a00000|100%| O|  |TAMS 0x0000000762800000, 0x0000000762800000| Untracked 
| 277|0x0000000762a00000, 0x0000000762c00000, 0x0000000762c00000|100%| O|  |TAMS 0x0000000762a00000, 0x0000000762a00000| Untracked 
| 278|0x0000000762c00000, 0x0000000762e00000, 0x0000000762e00000|100%| O|  |TAMS 0x0000000762c00000, 0x0000000762c00000| Untracked 
| 279|0x0000000762e00000, 0x0000000763000000, 0x0000000763000000|100%| O|  |TAMS 0x0000000762e00000, 0x0000000762e00000| Untracked 
| 280|0x0000000763000000, 0x0000000763200000, 0x0000000763200000|100%| O|  |TAMS 0x0000000763000000, 0x0000000763000000| Untracked 
| 281|0x0000000763200000, 0x0000000763400000, 0x0000000763400000|100%| O|  |TAMS 0x0000000763200000, 0x0000000763200000| Untracked 
| 282|0x0000000763400000, 0x0000000763600000, 0x0000000763600000|100%| O|  |TAMS 0x0000000763400000, 0x0000000763400000| Untracked 
| 283|0x0000000763600000, 0x0000000763800000, 0x0000000763800000|100%| O|  |TAMS 0x0000000763600000, 0x0000000763600000| Untracked 
| 284|0x0000000763800000, 0x0000000763a00000, 0x0000000763a00000|100%| O|  |TAMS 0x0000000763800000, 0x0000000763800000| Untracked 
| 285|0x0000000763a00000, 0x0000000763c00000, 0x0000000763c00000|100%| O|  |TAMS 0x0000000763a00000, 0x0000000763a00000| Untracked 
| 286|0x0000000763c00000, 0x0000000763e00000, 0x0000000763e00000|100%| O|  |TAMS 0x0000000763c00000, 0x0000000763c00000| Untracked 
| 287|0x0000000763e00000, 0x0000000764000000, 0x0000000764000000|100%| O|  |TAMS 0x0000000763e00000, 0x0000000763e00000| Untracked 
| 288|0x0000000764000000, 0x0000000764200000, 0x0000000764200000|100%| O|  |TAMS 0x0000000764000000, 0x0000000764000000| Untracked 
| 289|0x0000000764200000, 0x0000000764400000, 0x0000000764400000|100%| O|  |TAMS 0x0000000764200000, 0x0000000764200000| Untracked 
| 290|0x0000000764400000, 0x0000000764600000, 0x0000000764600000|100%| O|  |TAMS 0x0000000764400000, 0x0000000764400000| Untracked 
| 291|0x0000000764600000, 0x0000000764800000, 0x0000000764800000|100%| O|  |TAMS 0x0000000764600000, 0x0000000764600000| Untracked 
| 292|0x0000000764800000, 0x0000000764a00000, 0x0000000764a00000|100%| O|  |TAMS 0x0000000764800000, 0x0000000764800000| Untracked 
| 293|0x0000000764a00000, 0x0000000764c00000, 0x0000000764c00000|100%| O|  |TAMS 0x0000000764a00000, 0x0000000764a00000| Untracked 
| 294|0x0000000764c00000, 0x0000000764e00000, 0x0000000764e00000|100%| O|  |TAMS 0x0000000764c00000, 0x0000000764c00000| Untracked 
| 295|0x0000000764e00000, 0x0000000765000000, 0x0000000765000000|100%| O|  |TAMS 0x0000000764e00000, 0x0000000764e00000| Untracked 
| 296|0x0000000765000000, 0x0000000765200000, 0x0000000765200000|100%| O|  |TAMS 0x0000000765000000, 0x0000000765000000| Untracked 
| 297|0x0000000765200000, 0x0000000765400000, 0x0000000765400000|100%| O|  |TAMS 0x0000000765200000, 0x0000000765200000| Untracked 
| 298|0x0000000765400000, 0x0000000765600000, 0x0000000765600000|100%| O|  |TAMS 0x0000000765400000, 0x0000000765400000| Untracked 
| 299|0x0000000765600000, 0x0000000765800000, 0x0000000765800000|100%| O|  |TAMS 0x0000000765600000, 0x0000000765600000| Untracked 
| 300|0x0000000765800000, 0x0000000765a00000, 0x0000000765a00000|100%| O|  |TAMS 0x0000000765800000, 0x0000000765800000| Untracked 
| 301|0x0000000765a00000, 0x0000000765c00000, 0x0000000765c00000|100%| O|  |TAMS 0x0000000765a00000, 0x0000000765a00000| Untracked 
| 302|0x0000000765c00000, 0x0000000765e00000, 0x0000000765e00000|100%| O|  |TAMS 0x0000000765c00000, 0x0000000765c00000| Untracked 
| 303|0x0000000765e00000, 0x0000000766000000, 0x0000000766000000|100%| O|  |TAMS 0x0000000765e00000, 0x0000000765e00000| Untracked 
| 304|0x0000000766000000, 0x0000000766200000, 0x0000000766200000|100%| O|  |TAMS 0x0000000766000000, 0x0000000766000000| Untracked 
| 305|0x0000000766200000, 0x0000000766400000, 0x0000000766400000|100%| O|  |TAMS 0x0000000766200000, 0x0000000766200000| Untracked 
| 306|0x0000000766400000, 0x0000000766600000, 0x0000000766600000|100%| O|  |TAMS 0x0000000766400000, 0x0000000766400000| Untracked 
| 307|0x0000000766600000, 0x0000000766800000, 0x0000000766800000|100%| O|  |TAMS 0x0000000766600000, 0x0000000766600000| Untracked 
| 308|0x0000000766800000, 0x0000000766a00000, 0x0000000766a00000|100%| O|  |TAMS 0x0000000766800000, 0x0000000766800000| Untracked 
| 309|0x0000000766a00000, 0x0000000766c00000, 0x0000000766c00000|100%| O|  |TAMS 0x0000000766a00000, 0x0000000766a00000| Untracked 
| 310|0x0000000766c00000, 0x0000000766e00000, 0x0000000766e00000|100%| O|  |TAMS 0x0000000766c00000, 0x0000000766c00000| Untracked 
| 311|0x0000000766e00000, 0x0000000767000000, 0x0000000767000000|100%| O|  |TAMS 0x0000000766e00000, 0x0000000766e00000| Untracked 
| 312|0x0000000767000000, 0x0000000767200000, 0x0000000767200000|100%| O|  |TAMS 0x0000000767000000, 0x0000000767000000| Untracked 
| 313|0x0000000767200000, 0x0000000767400000, 0x0000000767400000|100%| O|  |TAMS 0x0000000767200000, 0x0000000767200000| Untracked 
| 314|0x0000000767400000, 0x0000000767600000, 0x0000000767600000|100%| O|  |TAMS 0x0000000767400000, 0x0000000767400000| Untracked 
| 315|0x0000000767600000, 0x0000000767800000, 0x0000000767800000|100%| O|  |TAMS 0x0000000767600000, 0x0000000767600000| Untracked 
| 316|0x0000000767800000, 0x0000000767a00000, 0x0000000767a00000|100%| O|  |TAMS 0x0000000767800000, 0x0000000767800000| Untracked 
| 317|0x0000000767a00000, 0x0000000767c00000, 0x0000000767c00000|100%| O|  |TAMS 0x0000000767a00000, 0x0000000767a00000| Untracked 
| 318|0x0000000767c00000, 0x0000000767e00000, 0x0000000767e00000|100%| O|  |TAMS 0x0000000767c00000, 0x0000000767c00000| Untracked 
| 319|0x0000000767e00000, 0x0000000768000000, 0x0000000768000000|100%| O|  |TAMS 0x0000000767e00000, 0x0000000767e00000| Untracked 
| 320|0x0000000768000000, 0x0000000768200000, 0x0000000768200000|100%| O|  |TAMS 0x0000000768000000, 0x0000000768000000| Untracked 
| 321|0x0000000768200000, 0x0000000768400000, 0x0000000768400000|100%| O|  |TAMS 0x0000000768200000, 0x0000000768200000| Untracked 
| 322|0x0000000768400000, 0x0000000768600000, 0x0000000768600000|100%| O|  |TAMS 0x0000000768400000, 0x0000000768400000| Untracked 
| 323|0x0000000768600000, 0x0000000768800000, 0x0000000768800000|100%| O|  |TAMS 0x0000000768600000, 0x0000000768600000| Untracked 
| 324|0x0000000768800000, 0x0000000768a00000, 0x0000000768a00000|100%| O|  |TAMS 0x0000000768800000, 0x0000000768800000| Untracked 
| 325|0x0000000768a00000, 0x0000000768c00000, 0x0000000768c00000|100%| O|  |TAMS 0x0000000768a00000, 0x0000000768a00000| Untracked 
| 326|0x0000000768c00000, 0x0000000768e00000, 0x0000000768e00000|100%| O|  |TAMS 0x0000000768c00000, 0x0000000768c00000| Untracked 
| 327|0x0000000768e00000, 0x0000000769000000, 0x0000000769000000|100%| O|  |TAMS 0x0000000768e00000, 0x0000000768e00000| Untracked 
| 328|0x0000000769000000, 0x0000000769200000, 0x0000000769200000|100%| O|  |TAMS 0x0000000769000000, 0x0000000769000000| Untracked 
| 329|0x0000000769200000, 0x0000000769400000, 0x0000000769400000|100%| O|  |TAMS 0x0000000769200000, 0x0000000769200000| Untracked 
| 330|0x0000000769400000, 0x0000000769600000, 0x0000000769600000|100%| O|  |TAMS 0x0000000769400000, 0x0000000769400000| Untracked 
| 331|0x0000000769600000, 0x0000000769800000, 0x0000000769800000|100%| O|  |TAMS 0x0000000769600000, 0x0000000769600000| Untracked 
| 332|0x0000000769800000, 0x0000000769a00000, 0x0000000769a00000|100%| O|  |TAMS 0x0000000769800000, 0x0000000769800000| Untracked 
| 333|0x0000000769a00000, 0x0000000769c00000, 0x0000000769c00000|100%| O|  |TAMS 0x0000000769a00000, 0x0000000769a00000| Untracked 
| 334|0x0000000769c00000, 0x0000000769e00000, 0x0000000769e00000|100%| O|  |TAMS 0x0000000769c00000, 0x0000000769c00000| Untracked 
| 335|0x0000000769e00000, 0x000000076a000000, 0x000000076a000000|100%| O|  |TAMS 0x0000000769e00000, 0x0000000769e00000| Untracked 
| 336|0x000000076a000000, 0x000000076a200000, 0x000000076a200000|100%| O|  |TAMS 0x000000076a000000, 0x000000076a000000| Untracked 
| 337|0x000000076a200000, 0x000000076a400000, 0x000000076a400000|100%| O|  |TAMS 0x000000076a200000, 0x000000076a200000| Untracked 
| 338|0x000000076a400000, 0x000000076a600000, 0x000000076a600000|100%| O|  |TAMS 0x000000076a400000, 0x000000076a400000| Untracked 
| 339|0x000000076a600000, 0x000000076a800000, 0x000000076a800000|100%| O|  |TAMS 0x000000076a600000, 0x000000076a600000| Untracked 
| 340|0x000000076a800000, 0x000000076aa00000, 0x000000076aa00000|100%| O|  |TAMS 0x000000076a800000, 0x000000076a800000| Untracked 
| 341|0x000000076aa00000, 0x000000076ac00000, 0x000000076ac00000|100%| O|  |TAMS 0x000000076aa00000, 0x000000076aa00000| Untracked 
| 342|0x000000076ac00000, 0x000000076ae00000, 0x000000076ae00000|100%| O|  |TAMS 0x000000076ac00000, 0x000000076ac00000| Untracked 
| 343|0x000000076ae00000, 0x000000076b000000, 0x000000076b000000|100%| O|  |TAMS 0x000000076ae00000, 0x000000076ae00000| Untracked 
| 344|0x000000076b000000, 0x000000076b200000, 0x000000076b200000|100%| O|  |TAMS 0x000000076b000000, 0x000000076b000000| Untracked 
| 345|0x000000076b200000, 0x000000076b400000, 0x000000076b400000|100%| O|  |TAMS 0x000000076b200000, 0x000000076b200000| Untracked 
| 346|0x000000076b400000, 0x000000076b600000, 0x000000076b600000|100%| O|  |TAMS 0x000000076b400000, 0x000000076b400000| Untracked 
| 347|0x000000076b600000, 0x000000076b800000, 0x000000076b800000|100%|HS|  |TAMS 0x000000076b600000, 0x000000076b600000| Complete 
| 348|0x000000076b800000, 0x000000076ba00000, 0x000000076ba00000|100%|HS|  |TAMS 0x000000076b800000, 0x000000076b800000| Complete 
| 349|0x000000076ba00000, 0x000000076bc00000, 0x000000076bc00000|100%| O|  |TAMS 0x000000076ba00000, 0x000000076ba00000| Untracked 
| 350|0x000000076bc00000, 0x000000076be00000, 0x000000076be00000|100%| O|  |TAMS 0x000000076bc00000, 0x000000076bc00000| Untracked 
| 351|0x000000076be00000, 0x000000076c000000, 0x000000076c000000|100%| O|  |TAMS 0x000000076be00000, 0x000000076be00000| Untracked 
| 352|0x000000076c000000, 0x000000076c200000, 0x000000076c200000|100%| O|  |TAMS 0x000000076c000000, 0x000000076c000000| Untracked 
| 353|0x000000076c200000, 0x000000076c400000, 0x000000076c400000|100%| O|  |TAMS 0x000000076c200000, 0x000000076c200000| Untracked 
| 354|0x000000076c400000, 0x000000076c600000, 0x000000076c600000|100%|HS|  |TAMS 0x000000076c400000, 0x000000076c400000| Complete 
| 355|0x000000076c600000, 0x000000076c800000, 0x000000076c800000|100%|HS|  |TAMS 0x000000076c600000, 0x000000076c600000| Complete 
| 356|0x000000076c800000, 0x000000076ca00000, 0x000000076ca00000|100%| O|  |TAMS 0x000000076c800000, 0x000000076c800000| Untracked 
| 357|0x000000076ca00000, 0x000000076cc00000, 0x000000076cc00000|100%| O|  |TAMS 0x000000076ca00000, 0x000000076ca00000| Untracked 
| 358|0x000000076cc00000, 0x000000076ce00000, 0x000000076ce00000|100%| O|  |TAMS 0x000000076cc00000, 0x000000076cc00000| Untracked 
| 359|0x000000076ce00000, 0x000000076d000000, 0x000000076d000000|100%| O|  |TAMS 0x000000076ce00000, 0x000000076ce00000| Untracked 
| 360|0x000000076d000000, 0x000000076d200000, 0x000000076d200000|100%| O|  |TAMS 0x000000076d000000, 0x000000076d000000| Untracked 
| 361|0x000000076d200000, 0x000000076d400000, 0x000000076d400000|100%|HS|  |TAMS 0x000000076d200000, 0x000000076d200000| Complete 
| 362|0x000000076d400000, 0x000000076d600000, 0x000000076d600000|100%|HS|  |TAMS 0x000000076d400000, 0x000000076d400000| Complete 
| 363|0x000000076d600000, 0x000000076d800000, 0x000000076d800000|100%|HS|  |TAMS 0x000000076d600000, 0x000000076d600000| Complete 
| 364|0x000000076d800000, 0x000000076da00000, 0x000000076da00000|100%|HS|  |TAMS 0x000000076d800000, 0x000000076d800000| Complete 
| 365|0x000000076da00000, 0x000000076dc00000, 0x000000076dc00000|100%|HS|  |TAMS 0x000000076da00000, 0x000000076da00000| Complete 
| 366|0x000000076dc00000, 0x000000076de00000, 0x000000076de00000|100%| O|  |TAMS 0x000000076de00000, 0x000000076dc00000| Untracked 
| 367|0x000000076de00000, 0x000000076e000000, 0x000000076e000000|100%| O|  |TAMS 0x000000076de00000, 0x000000076de00000| Untracked 
| 368|0x000000076e000000, 0x000000076e200000, 0x000000076e200000|100%| O|  |TAMS 0x000000076e000000, 0x000000076e000000| Untracked 
| 369|0x000000076e200000, 0x000000076e400000, 0x000000076e400000|100%|HS|  |TAMS 0x000000076e400000, 0x000000076e200000| Complete 
| 370|0x000000076e400000, 0x000000076e600000, 0x000000076e600000|100%|HC|  |TAMS 0x000000076e600000, 0x000000076e400000| Complete 
| 371|0x000000076e600000, 0x000000076e800000, 0x000000076e800000|100%|HS|  |TAMS 0x000000076e800000, 0x000000076e600000| Complete 
| 372|0x000000076e800000, 0x000000076ea00000, 0x000000076ea00000|100%|HS|  |TAMS 0x000000076ea00000, 0x000000076e800000| Complete 
| 373|0x000000076ea00000, 0x000000076ec00000, 0x000000076ec00000|100%|HS|  |TAMS 0x000000076ec00000, 0x000000076ea00000| Complete 
| 374|0x000000076ec00000, 0x000000076ee00000, 0x000000076ee00000|100%|HS|  |TAMS 0x000000076ee00000, 0x000000076ec00000| Complete 
| 375|0x000000076ee00000, 0x000000076f000000, 0x000000076f000000|100%|HC|  |TAMS 0x000000076f000000, 0x000000076ee00000| Complete 
| 376|0x000000076f000000, 0x000000076f200000, 0x000000076f200000|100%|HS|  |TAMS 0x000000076f200000, 0x000000076f000000| Complete 
| 377|0x000000076f200000, 0x000000076f400000, 0x000000076f400000|100%|HC|  |TAMS 0x000000076f400000, 0x000000076f200000| Complete 
| 378|0x000000076f400000, 0x000000076f600000, 0x000000076f600000|100%| O|  |TAMS 0x000000076f400000, 0x000000076f400000| Untracked 
| 379|0x000000076f600000, 0x000000076f800000, 0x000000076f800000|100%|HS|  |TAMS 0x000000076f800000, 0x000000076f600000| Complete 
| 380|0x000000076f800000, 0x000000076fa00000, 0x000000076fa00000|100%|HS|  |TAMS 0x000000076fa00000, 0x000000076f800000| Complete 
| 381|0x000000076fa00000, 0x000000076fc00000, 0x000000076fc00000|100%| O|  |TAMS 0x000000076fc00000, 0x000000076fa00000| Untracked 
| 382|0x000000076fc00000, 0x000000076fe00000, 0x000000076fe00000|100%| O|  |TAMS 0x000000076fc00000, 0x000000076fc00000| Untracked 
| 383|0x000000076fe00000, 0x0000000770000000, 0x0000000770000000|100%| O|  |TAMS 0x000000076fe00000, 0x000000076fe00000| Untracked 
| 384|0x0000000770000000, 0x0000000770200000, 0x0000000770200000|100%| O|  |TAMS 0x0000000770000000, 0x0000000770000000| Untracked 
| 385|0x0000000770200000, 0x0000000770400000, 0x0000000770400000|100%| O|  |TAMS 0x0000000770200000, 0x0000000770200000| Untracked 
| 386|0x0000000770400000, 0x0000000770600000, 0x0000000770600000|100%| O|  |TAMS 0x0000000770400000, 0x0000000770400000| Untracked 
| 387|0x0000000770600000, 0x0000000770800000, 0x0000000770800000|100%|HS|  |TAMS 0x0000000770600000, 0x0000000770600000| Complete 
| 388|0x0000000770800000, 0x0000000770a00000, 0x0000000770a00000|100%| O|  |TAMS 0x0000000770800000, 0x0000000770800000| Untracked 
| 389|0x0000000770a00000, 0x0000000770c00000, 0x0000000770c00000|100%| O|  |TAMS 0x0000000770c00000, 0x0000000770a00000| Untracked 
| 390|0x0000000770c00000, 0x0000000770e00000, 0x0000000770e00000|100%| O|  |TAMS 0x0000000770c00000, 0x0000000770c00000| Untracked 
| 391|0x0000000770e00000, 0x0000000771000000, 0x0000000771000000|100%|HS|  |TAMS 0x0000000770e00000, 0x0000000770e00000| Complete 
| 392|0x0000000771000000, 0x0000000771200000, 0x0000000771200000|100%|HS|  |TAMS 0x0000000771000000, 0x0000000771000000| Complete 
| 393|0x0000000771200000, 0x0000000771400000, 0x0000000771400000|100%| O|  |TAMS 0x0000000771200000, 0x0000000771200000| Untracked 
| 394|0x0000000771400000, 0x0000000771600000, 0x0000000771600000|100%| O|  |TAMS 0x0000000771400000, 0x0000000771400000| Untracked 
| 395|0x0000000771600000, 0x0000000771800000, 0x0000000771800000|100%| O|  |TAMS 0x0000000771600000, 0x0000000771600000| Untracked 
| 396|0x0000000771800000, 0x0000000771a00000, 0x0000000771a00000|100%| O|  |TAMS 0x0000000771800000, 0x0000000771800000| Untracked 
| 397|0x0000000771a00000, 0x0000000771c00000, 0x0000000771c00000|100%| O|  |TAMS 0x0000000771a00000, 0x0000000771a00000| Untracked 
| 398|0x0000000771c00000, 0x0000000771e00000, 0x0000000771e00000|100%| O|  |TAMS 0x0000000771c00000, 0x0000000771c00000| Untracked 
| 399|0x0000000771e00000, 0x0000000772000000, 0x0000000772000000|100%| O|  |TAMS 0x0000000771e00000, 0x0000000771e00000| Untracked 
| 400|0x0000000772000000, 0x0000000772200000, 0x0000000772200000|100%| O|  |TAMS 0x0000000772000000, 0x0000000772000000| Untracked 
| 401|0x0000000772200000, 0x0000000772400000, 0x0000000772400000|100%| O|  |TAMS 0x0000000772400000, 0x0000000772200000| Untracked 
| 402|0x0000000772400000, 0x00000007725ffff8, 0x0000000772600000| 99%| O|  |TAMS 0x00000007725ffff8, 0x0000000772400000| Untracked 
| 403|0x0000000772600000, 0x0000000772800000, 0x0000000772800000|100%| O|  |TAMS 0x0000000772800000, 0x0000000772600000| Untracked 
| 404|0x0000000772800000, 0x0000000772a00000, 0x0000000772a00000|100%| O|  |TAMS 0x0000000772a00000, 0x0000000772800000| Untracked 
| 405|0x0000000772a00000, 0x0000000772c00000, 0x0000000772c00000|100%| O|  |TAMS 0x0000000772c00000, 0x0000000772a00000| Untracked 
| 406|0x0000000772c00000, 0x0000000772e00000, 0x0000000772e00000|100%| O|  |TAMS 0x0000000772e00000, 0x0000000772c00000| Untracked 
| 407|0x0000000772e00000, 0x0000000773000000, 0x0000000773000000|100%| O|  |TAMS 0x0000000773000000, 0x0000000772e00000| Untracked 
| 408|0x0000000773000000, 0x0000000773200000, 0x0000000773200000|100%| O|  |TAMS 0x0000000773200000, 0x0000000773000000| Untracked 
| 409|0x0000000773200000, 0x0000000773400000, 0x0000000773400000|100%| O|  |TAMS 0x0000000773400000, 0x0000000773200000| Untracked 
| 410|0x0000000773400000, 0x0000000773600000, 0x0000000773600000|100%| O|  |TAMS 0x0000000773600000, 0x0000000773400000| Untracked 
| 411|0x0000000773600000, 0x0000000773800000, 0x0000000773800000|100%| O|  |TAMS 0x0000000773800000, 0x0000000773600000| Untracked 
| 412|0x0000000773800000, 0x0000000773a00000, 0x0000000773a00000|100%| O|  |TAMS 0x0000000773a00000, 0x0000000773800000| Untracked 
| 413|0x0000000773a00000, 0x0000000773c00000, 0x0000000773c00000|100%| O|  |TAMS 0x0000000773c00000, 0x0000000773a00000| Untracked 
| 414|0x0000000773c00000, 0x0000000773e00000, 0x0000000773e00000|100%| O|  |TAMS 0x0000000773e00000, 0x0000000773c00000| Untracked 
| 415|0x0000000773e00000, 0x0000000774000000, 0x0000000774000000|100%| O|  |TAMS 0x0000000774000000, 0x0000000773e00000| Untracked 
| 416|0x0000000774000000, 0x0000000774200000, 0x0000000774200000|100%| O|  |TAMS 0x0000000774200000, 0x0000000774000000| Untracked 
| 417|0x0000000774200000, 0x0000000774400000, 0x0000000774400000|100%| O|  |TAMS 0x0000000774400000, 0x0000000774200000| Untracked 
| 418|0x0000000774400000, 0x0000000774600000, 0x0000000774600000|100%| O|  |TAMS 0x0000000774600000, 0x0000000774400000| Untracked 
| 419|0x0000000774600000, 0x0000000774800000, 0x0000000774800000|100%| O|  |TAMS 0x0000000774800000, 0x0000000774600000| Untracked 
| 420|0x0000000774800000, 0x0000000774a00000, 0x0000000774a00000|100%| O|  |TAMS 0x0000000774a00000, 0x0000000774800000| Untracked 
| 421|0x0000000774a00000, 0x0000000774c00000, 0x0000000774c00000|100%| O|  |TAMS 0x0000000774c00000, 0x0000000774a00000| Untracked 
| 422|0x0000000774c00000, 0x0000000774e00000, 0x0000000774e00000|100%| O|  |TAMS 0x0000000774e00000, 0x0000000774c00000| Untracked 
| 423|0x0000000774e00000, 0x0000000775000000, 0x0000000775000000|100%| O|  |TAMS 0x0000000775000000, 0x0000000774e00000| Untracked 
| 424|0x0000000775000000, 0x0000000775200000, 0x0000000775200000|100%| O|  |TAMS 0x0000000775200000, 0x0000000775000000| Untracked 
| 425|0x0000000775200000, 0x0000000775400000, 0x0000000775400000|100%| O|  |TAMS 0x0000000775400000, 0x0000000775200000| Untracked 
| 426|0x0000000775400000, 0x0000000775600000, 0x0000000775600000|100%| O|  |TAMS 0x0000000775600000, 0x0000000775400000| Untracked 
| 427|0x0000000775600000, 0x0000000775800000, 0x0000000775800000|100%| O|  |TAMS 0x0000000775800000, 0x0000000775600000| Untracked 
| 428|0x0000000775800000, 0x0000000775a00000, 0x0000000775a00000|100%| O|  |TAMS 0x0000000775a00000, 0x0000000775800000| Untracked 
| 429|0x0000000775a00000, 0x0000000775c00000, 0x0000000775c00000|100%| O|  |TAMS 0x0000000775c00000, 0x0000000775a00000| Untracked 
| 430|0x0000000775c00000, 0x0000000775e00000, 0x0000000775e00000|100%| O|  |TAMS 0x0000000775e00000, 0x0000000775c00000| Untracked 
| 431|0x0000000775e00000, 0x0000000776000000, 0x0000000776000000|100%| O|  |TAMS 0x0000000776000000, 0x0000000775e00000| Untracked 
| 432|0x0000000776000000, 0x0000000776200000, 0x0000000776200000|100%| O|  |TAMS 0x0000000776200000, 0x0000000776000000| Untracked 
| 433|0x0000000776200000, 0x0000000776400000, 0x0000000776400000|100%| O|  |TAMS 0x0000000776400000, 0x0000000776200000| Untracked 
| 434|0x0000000776400000, 0x0000000776600000, 0x0000000776600000|100%| O|  |TAMS 0x0000000776600000, 0x0000000776400000| Untracked 
| 435|0x0000000776600000, 0x0000000776800000, 0x0000000776800000|100%| O|  |TAMS 0x0000000776800000, 0x0000000776600000| Untracked 
| 436|0x0000000776800000, 0x0000000776a00000, 0x0000000776a00000|100%| O|  |TAMS 0x0000000776a00000, 0x0000000776800000| Untracked 
| 437|0x0000000776a00000, 0x0000000776c00000, 0x0000000776c00000|100%| O|  |TAMS 0x0000000776c00000, 0x0000000776a00000| Untracked 
| 438|0x0000000776c00000, 0x0000000776e00000, 0x0000000776e00000|100%| O|  |TAMS 0x0000000776e00000, 0x0000000776c00000| Untracked 
| 439|0x0000000776e00000, 0x0000000777000000, 0x0000000777000000|100%| O|  |TAMS 0x0000000777000000, 0x0000000776e00000| Untracked 
| 440|0x0000000777000000, 0x0000000777200000, 0x0000000777200000|100%| O|  |TAMS 0x0000000777200000, 0x0000000777000000| Untracked 
| 441|0x0000000777200000, 0x0000000777400000, 0x0000000777400000|100%| O|  |TAMS 0x0000000777400000, 0x0000000777200000| Untracked 
| 442|0x0000000777400000, 0x0000000777600000, 0x0000000777600000|100%| O|  |TAMS 0x0000000777600000, 0x0000000777400000| Untracked 
| 443|0x0000000777600000, 0x0000000777800000, 0x0000000777800000|100%| O|  |TAMS 0x0000000777800000, 0x0000000777600000| Untracked 
| 444|0x0000000777800000, 0x0000000777a00000, 0x0000000777a00000|100%| O|  |TAMS 0x0000000777a00000, 0x0000000777800000| Untracked 
| 445|0x0000000777a00000, 0x0000000777c00000, 0x0000000777c00000|100%| O|  |TAMS 0x0000000777c00000, 0x0000000777a00000| Untracked 
| 446|0x0000000777c00000, 0x0000000777e00000, 0x0000000777e00000|100%| O|  |TAMS 0x0000000777e00000, 0x0000000777c00000| Untracked 
| 447|0x0000000777e00000, 0x0000000778000000, 0x0000000778000000|100%| O|  |TAMS 0x0000000778000000, 0x0000000777e00000| Untracked 
| 448|0x0000000778000000, 0x0000000778200000, 0x0000000778200000|100%| O|  |TAMS 0x0000000778200000, 0x0000000778000000| Untracked 
| 449|0x0000000778200000, 0x0000000778400000, 0x0000000778400000|100%| O|  |TAMS 0x0000000778400000, 0x0000000778200000| Untracked 
| 450|0x0000000778400000, 0x0000000778600000, 0x0000000778600000|100%| O|  |TAMS 0x0000000778600000, 0x0000000778400000| Untracked 
| 451|0x0000000778600000, 0x0000000778800000, 0x0000000778800000|100%| O|  |TAMS 0x0000000778800000, 0x0000000778600000| Untracked 
| 452|0x0000000778800000, 0x0000000778a00000, 0x0000000778a00000|100%| O|  |TAMS 0x0000000778a00000, 0x0000000778800000| Untracked 
| 453|0x0000000778a00000, 0x0000000778c00000, 0x0000000778c00000|100%| O|  |TAMS 0x0000000778acd000, 0x0000000778a00000| Untracked 
| 454|0x0000000778c00000, 0x0000000778e00000, 0x0000000778e00000|100%| O|  |TAMS 0x0000000778c00000, 0x0000000778c00000| Untracked 
| 455|0x0000000778e00000, 0x0000000779000000, 0x0000000779000000|100%| O|  |TAMS 0x0000000778e00000, 0x0000000778e00000| Untracked 
| 456|0x0000000779000000, 0x0000000779200000, 0x0000000779200000|100%| O|  |TAMS 0x0000000779000000, 0x0000000779000000| Untracked 
| 457|0x0000000779200000, 0x0000000779400000, 0x0000000779400000|100%| O|  |TAMS 0x0000000779200000, 0x0000000779200000| Untracked 
| 458|0x0000000779400000, 0x0000000779600000, 0x0000000779600000|100%| O|  |TAMS 0x0000000779400000, 0x0000000779400000| Untracked 
| 459|0x0000000779600000, 0x0000000779800000, 0x0000000779800000|100%| O|  |TAMS 0x0000000779600000, 0x0000000779600000| Untracked 
| 460|0x0000000779800000, 0x0000000779a00000, 0x0000000779a00000|100%| O|  |TAMS 0x0000000779800000, 0x0000000779800000| Untracked 
| 461|0x0000000779a00000, 0x0000000779c00000, 0x0000000779c00000|100%| O|  |TAMS 0x0000000779a00000, 0x0000000779a00000| Untracked 
| 462|0x0000000779c00000, 0x0000000779e00000, 0x0000000779e00000|100%| O|  |TAMS 0x0000000779c00000, 0x0000000779c00000| Untracked 
| 463|0x0000000779e00000, 0x000000077a000000, 0x000000077a000000|100%| O|  |TAMS 0x0000000779e00000, 0x0000000779e00000| Untracked 
| 464|0x000000077a000000, 0x000000077a200000, 0x000000077a200000|100%| O|  |TAMS 0x000000077a000000, 0x000000077a000000| Untracked 
| 465|0x000000077a200000, 0x000000077a400000, 0x000000077a400000|100%|HS|  |TAMS 0x000000077a200000, 0x000000077a200000| Complete 
| 466|0x000000077a400000, 0x000000077a600000, 0x000000077a600000|100%|HS|  |TAMS 0x000000077a400000, 0x000000077a400000| Complete 
| 467|0x000000077a600000, 0x000000077a800000, 0x000000077a800000|100%|HS|  |TAMS 0x000000077a600000, 0x000000077a600000| Complete 
| 468|0x000000077a800000, 0x000000077aa00000, 0x000000077aa00000|100%|HS|  |TAMS 0x000000077a800000, 0x000000077a800000| Complete 
| 469|0x000000077aa00000, 0x000000077ac00000, 0x000000077ac00000|100%| O|  |TAMS 0x000000077aa00000, 0x000000077aa00000| Untracked 
| 470|0x000000077ac00000, 0x000000077ae00000, 0x000000077ae00000|100%| O|  |TAMS 0x000000077ac00000, 0x000000077ac00000| Untracked 
| 471|0x000000077ae00000, 0x000000077b000000, 0x000000077b000000|100%| O|  |TAMS 0x000000077ae00000, 0x000000077ae00000| Untracked 
| 472|0x000000077b000000, 0x000000077b200000, 0x000000077b200000|100%| O|  |TAMS 0x000000077b000000, 0x000000077b000000| Untracked 
| 473|0x000000077b200000, 0x000000077b400000, 0x000000077b400000|100%| O|  |TAMS 0x000000077b200000, 0x000000077b200000| Untracked 
| 474|0x000000077b400000, 0x000000077b600000, 0x000000077b600000|100%| O|  |TAMS 0x000000077b400000, 0x000000077b400000| Untracked 
| 475|0x000000077b600000, 0x000000077b800000, 0x000000077b800000|100%| O|  |TAMS 0x000000077b600000, 0x000000077b600000| Untracked 
| 476|0x000000077b800000, 0x000000077ba00000, 0x000000077ba00000|100%| O|  |TAMS 0x000000077b800000, 0x000000077b800000| Untracked 
| 477|0x000000077ba00000, 0x000000077bc00000, 0x000000077bc00000|100%| O|  |TAMS 0x000000077ba00000, 0x000000077ba00000| Untracked 
| 478|0x000000077bc00000, 0x000000077be00000, 0x000000077be00000|100%| O|  |TAMS 0x000000077bc00000, 0x000000077bc00000| Untracked 
| 479|0x000000077be00000, 0x000000077c000000, 0x000000077c000000|100%| O|  |TAMS 0x000000077be00000, 0x000000077be00000| Untracked 
| 480|0x000000077c000000, 0x000000077c1d0200, 0x000000077c200000| 90%| O|  |TAMS 0x000000077c000000, 0x000000077c000000| Untracked 
| 481|0x000000077c200000, 0x000000077c200000, 0x000000077c400000|  0%| F|  |TAMS 0x000000077c200000, 0x000000077c200000| Untracked 
| 482|0x000000077c400000, 0x000000077c400000, 0x000000077c600000|  0%| F|  |TAMS 0x000000077c400000, 0x000000077c400000| Untracked 
| 483|0x000000077c600000, 0x000000077c600000, 0x000000077c800000|  0%| F|  |TAMS 0x000000077c600000, 0x000000077c600000| Untracked 
| 484|0x000000077c800000, 0x000000077c800000, 0x000000077ca00000|  0%| F|  |TAMS 0x000000077c800000, 0x000000077c800000| Untracked 
| 485|0x000000077ca00000, 0x000000077ca00000, 0x000000077cc00000|  0%| F|  |TAMS 0x000000077ca00000, 0x000000077ca00000| Untracked 
| 486|0x000000077cc00000, 0x000000077cc00000, 0x000000077ce00000|  0%| F|  |TAMS 0x000000077cc00000, 0x000000077cc00000| Untracked 
| 487|0x000000077ce00000, 0x000000077ce00000, 0x000000077d000000|  0%| F|  |TAMS 0x000000077ce00000, 0x000000077ce00000| Untracked 
| 488|0x000000077d000000, 0x000000077d000000, 0x000000077d200000|  0%| F|  |TAMS 0x000000077d000000, 0x000000077d000000| Untracked 
| 489|0x000000077d200000, 0x000000077d200000, 0x000000077d400000|  0%| F|  |TAMS 0x000000077d200000, 0x000000077d200000| Untracked 
| 490|0x000000077d400000, 0x000000077d600000, 0x000000077d600000|100%| O|  |TAMS 0x000000077d400000, 0x000000077d400000| Untracked 
| 491|0x000000077d600000, 0x000000077d800000, 0x000000077d800000|100%| O|  |TAMS 0x000000077d600000, 0x000000077d600000| Untracked 
| 492|0x000000077d800000, 0x000000077da00000, 0x000000077da00000|100%| O|  |TAMS 0x000000077d800000, 0x000000077d800000| Untracked 
| 493|0x000000077da00000, 0x000000077dc00000, 0x000000077dc00000|100%| O|  |TAMS 0x000000077da00000, 0x000000077da00000| Untracked 
| 494|0x000000077dc00000, 0x000000077de00000, 0x000000077de00000|100%| O|  |TAMS 0x000000077dc00000, 0x000000077dc00000| Untracked 
| 495|0x000000077de00000, 0x000000077e000000, 0x000000077e000000|100%| O|  |TAMS 0x000000077de00000, 0x000000077de00000| Untracked 
| 496|0x000000077e000000, 0x000000077e200000, 0x000000077e200000|100%| O|  |TAMS 0x000000077e000000, 0x000000077e000000| Untracked 
| 497|0x000000077e200000, 0x000000077e400000, 0x000000077e400000|100%| O|  |TAMS 0x000000077e200000, 0x000000077e200000| Untracked 
| 498|0x000000077e400000, 0x000000077e600000, 0x000000077e600000|100%| O|  |TAMS 0x000000077e400000, 0x000000077e400000| Untracked 
| 499|0x000000077e600000, 0x000000077e800000, 0x000000077e800000|100%| O|  |TAMS 0x000000077e600000, 0x000000077e600000| Untracked 
| 500|0x000000077e800000, 0x000000077ea00000, 0x000000077ea00000|100%| O|  |TAMS 0x000000077e800000, 0x000000077e800000| Untracked 
| 501|0x000000077ea00000, 0x000000077ec00000, 0x000000077ec00000|100%| O|  |TAMS 0x000000077ea00000, 0x000000077ea00000| Untracked 
| 502|0x000000077ec00000, 0x000000077ee00000, 0x000000077ee00000|100%| O|  |TAMS 0x000000077ec00000, 0x000000077ec00000| Untracked 
| 503|0x000000077ee00000, 0x000000077f000000, 0x000000077f000000|100%| O|  |TAMS 0x000000077ee00000, 0x000000077ee00000| Untracked 
| 504|0x000000077f000000, 0x000000077f200000, 0x000000077f200000|100%| O|  |TAMS 0x000000077f000000, 0x000000077f000000| Untracked 
| 505|0x000000077f200000, 0x000000077f400000, 0x000000077f400000|100%| O|  |TAMS 0x000000077f200000, 0x000000077f200000| Untracked 
| 506|0x000000077f400000, 0x000000077f600000, 0x000000077f600000|100%| O|  |TAMS 0x000000077f400000, 0x000000077f400000| Untracked 
| 507|0x000000077f600000, 0x000000077f600000, 0x000000077f800000|  0%| F|  |TAMS 0x000000077f600000, 0x000000077f600000| Untracked 
| 508|0x000000077f800000, 0x000000077f800000, 0x000000077fa00000|  0%| F|  |TAMS 0x000000077f800000, 0x000000077f800000| Untracked 
| 509|0x000000077fa00000, 0x000000077fa00000, 0x000000077fc00000|  0%| F|  |TAMS 0x000000077fa00000, 0x000000077fa00000| Untracked 
| 510|0x000000077fc00000, 0x000000077fc00000, 0x000000077fe00000|  0%| F|  |TAMS 0x000000077fc00000, 0x000000077fc00000| Untracked 
| 511|0x000000077fe00000, 0x000000077fe00000, 0x0000000780000000|  0%| F|  |TAMS 0x000000077fe00000, 0x000000077fe00000| Untracked 
| 512|0x0000000780000000, 0x0000000780000000, 0x0000000780200000|  0%| F|  |TAMS 0x0000000780000000, 0x0000000780000000| Untracked 
| 513|0x0000000780200000, 0x0000000780200000, 0x0000000780400000|  0%| F|  |TAMS 0x0000000780200000, 0x0000000780200000| Untracked 
| 514|0x0000000780400000, 0x0000000780400000, 0x0000000780600000|  0%| F|  |TAMS 0x0000000780400000, 0x0000000780400000| Untracked 
| 515|0x0000000780600000, 0x0000000780600000, 0x0000000780800000|  0%| F|  |TAMS 0x0000000780600000, 0x0000000780600000| Untracked 
| 516|0x0000000780800000, 0x0000000780800000, 0x0000000780a00000|  0%| F|  |TAMS 0x0000000780800000, 0x0000000780800000| Untracked 
| 517|0x0000000780a00000, 0x0000000780a00000, 0x0000000780c00000|  0%| F|  |TAMS 0x0000000780a00000, 0x0000000780a00000| Untracked 
| 518|0x0000000780c00000, 0x0000000780c00000, 0x0000000780e00000|  0%| F|  |TAMS 0x0000000780c00000, 0x0000000780c00000| Untracked 
| 519|0x0000000780e00000, 0x0000000780e00000, 0x0000000781000000|  0%| F|  |TAMS 0x0000000780e00000, 0x0000000780e00000| Untracked 
| 520|0x0000000781000000, 0x0000000781000000, 0x0000000781200000|  0%| F|  |TAMS 0x0000000781000000, 0x0000000781000000| Untracked 
| 521|0x0000000781200000, 0x0000000781200000, 0x0000000781400000|  0%| F|  |TAMS 0x0000000781200000, 0x0000000781200000| Untracked 
| 522|0x0000000781400000, 0x0000000781400000, 0x0000000781600000|  0%| F|  |TAMS 0x0000000781400000, 0x0000000781400000| Untracked 
| 523|0x0000000781600000, 0x0000000781600000, 0x0000000781800000|  0%| F|  |TAMS 0x0000000781600000, 0x0000000781600000| Untracked 
| 524|0x0000000781800000, 0x0000000781800000, 0x0000000781a00000|  0%| F|  |TAMS 0x0000000781800000, 0x0000000781800000| Untracked 
| 525|0x0000000781a00000, 0x0000000781a00000, 0x0000000781c00000|  0%| F|  |TAMS 0x0000000781a00000, 0x0000000781a00000| Untracked 
| 526|0x0000000781c00000, 0x0000000781c00000, 0x0000000781e00000|  0%| F|  |TAMS 0x0000000781c00000, 0x0000000781c00000| Untracked 
| 527|0x0000000781e00000, 0x0000000781e00000, 0x0000000782000000|  0%| F|  |TAMS 0x0000000781e00000, 0x0000000781e00000| Untracked 
| 528|0x0000000782000000, 0x0000000782000000, 0x0000000782200000|  0%| F|  |TAMS 0x0000000782000000, 0x0000000782000000| Untracked 
| 529|0x0000000782200000, 0x0000000782200000, 0x0000000782400000|  0%| F|  |TAMS 0x0000000782200000, 0x0000000782200000| Untracked 
| 530|0x0000000782400000, 0x0000000782400000, 0x0000000782600000|  0%| F|  |TAMS 0x0000000782400000, 0x0000000782400000| Untracked 
| 531|0x0000000782600000, 0x0000000782600000, 0x0000000782800000|  0%| F|  |TAMS 0x0000000782600000, 0x0000000782600000| Untracked 
| 532|0x0000000782800000, 0x0000000782800000, 0x0000000782a00000|  0%| F|  |TAMS 0x0000000782800000, 0x0000000782800000| Untracked 
| 533|0x0000000782a00000, 0x0000000782a00000, 0x0000000782c00000|  0%| F|  |TAMS 0x0000000782a00000, 0x0000000782a00000| Untracked 
| 534|0x0000000782c00000, 0x0000000782c00000, 0x0000000782e00000|  0%| F|  |TAMS 0x0000000782c00000, 0x0000000782c00000| Untracked 
| 535|0x0000000782e00000, 0x0000000782e00000, 0x0000000783000000|  0%| F|  |TAMS 0x0000000782e00000, 0x0000000782e00000| Untracked 
| 536|0x0000000783000000, 0x0000000783000000, 0x0000000783200000|  0%| F|  |TAMS 0x0000000783000000, 0x0000000783000000| Untracked 
| 537|0x0000000783200000, 0x0000000783200000, 0x0000000783400000|  0%| F|  |TAMS 0x0000000783200000, 0x0000000783200000| Untracked 
| 538|0x0000000783400000, 0x0000000783400000, 0x0000000783600000|  0%| F|  |TAMS 0x0000000783400000, 0x0000000783400000| Untracked 
| 539|0x0000000783600000, 0x0000000783600000, 0x0000000783800000|  0%| F|  |TAMS 0x0000000783600000, 0x0000000783600000| Untracked 
| 540|0x0000000783800000, 0x0000000783800000, 0x0000000783a00000|  0%| F|  |TAMS 0x0000000783800000, 0x0000000783800000| Untracked 
| 541|0x0000000783a00000, 0x0000000783a00000, 0x0000000783c00000|  0%| F|  |TAMS 0x0000000783a00000, 0x0000000783a00000| Untracked 
| 542|0x0000000783c00000, 0x0000000783c00000, 0x0000000783e00000|  0%| F|  |TAMS 0x0000000783c00000, 0x0000000783c00000| Untracked 
| 543|0x0000000783e00000, 0x0000000783e00000, 0x0000000784000000|  0%| F|  |TAMS 0x0000000783e00000, 0x0000000783e00000| Untracked 
| 544|0x0000000784000000, 0x0000000784000000, 0x0000000784200000|  0%| F|  |TAMS 0x0000000784000000, 0x0000000784000000| Untracked 
| 545|0x0000000784200000, 0x0000000784200000, 0x0000000784400000|  0%| F|  |TAMS 0x0000000784200000, 0x0000000784200000| Untracked 
| 546|0x0000000784400000, 0x0000000784400000, 0x0000000784600000|  0%| F|  |TAMS 0x0000000784400000, 0x0000000784400000| Untracked 
| 547|0x0000000784600000, 0x0000000784600000, 0x0000000784800000|  0%| F|  |TAMS 0x0000000784600000, 0x0000000784600000| Untracked 
| 548|0x0000000784800000, 0x0000000784800000, 0x0000000784a00000|  0%| F|  |TAMS 0x0000000784800000, 0x0000000784800000| Untracked 
| 549|0x0000000784a00000, 0x0000000784a00000, 0x0000000784c00000|  0%| F|  |TAMS 0x0000000784a00000, 0x0000000784a00000| Untracked 
| 550|0x0000000784c00000, 0x0000000784c00000, 0x0000000784e00000|  0%| F|  |TAMS 0x0000000784c00000, 0x0000000784c00000| Untracked 
| 551|0x0000000784e00000, 0x0000000784e00000, 0x0000000785000000|  0%| F|  |TAMS 0x0000000784e00000, 0x0000000784e00000| Untracked 
| 552|0x0000000785000000, 0x0000000785000000, 0x0000000785200000|  0%| F|  |TAMS 0x0000000785000000, 0x0000000785000000| Untracked 
| 553|0x0000000785200000, 0x0000000785200000, 0x0000000785400000|  0%| F|  |TAMS 0x0000000785200000, 0x0000000785200000| Untracked 
| 554|0x0000000785400000, 0x0000000785400000, 0x0000000785600000|  0%| F|  |TAMS 0x0000000785400000, 0x0000000785400000| Untracked 
| 555|0x0000000785600000, 0x0000000785600000, 0x0000000785800000|  0%| F|  |TAMS 0x0000000785600000, 0x0000000785600000| Untracked 
| 556|0x0000000785800000, 0x0000000785800000, 0x0000000785a00000|  0%| F|  |TAMS 0x0000000785800000, 0x0000000785800000| Untracked 
| 557|0x0000000785a00000, 0x0000000785a00000, 0x0000000785c00000|  0%| F|  |TAMS 0x0000000785a00000, 0x0000000785a00000| Untracked 
| 558|0x0000000785c00000, 0x0000000785c00000, 0x0000000785e00000|  0%| F|  |TAMS 0x0000000785c00000, 0x0000000785c00000| Untracked 
| 559|0x0000000785e00000, 0x0000000785e00000, 0x0000000786000000|  0%| F|  |TAMS 0x0000000785e00000, 0x0000000785e00000| Untracked 
| 560|0x0000000786000000, 0x0000000786000000, 0x0000000786200000|  0%| F|  |TAMS 0x0000000786000000, 0x0000000786000000| Untracked 
| 561|0x0000000786200000, 0x0000000786200000, 0x0000000786400000|  0%| F|  |TAMS 0x0000000786200000, 0x0000000786200000| Untracked 
| 562|0x0000000786400000, 0x0000000786400000, 0x0000000786600000|  0%| F|  |TAMS 0x0000000786400000, 0x0000000786400000| Untracked 
| 563|0x0000000786600000, 0x0000000786600000, 0x0000000786800000|  0%| F|  |TAMS 0x0000000786600000, 0x0000000786600000| Untracked 
| 564|0x0000000786800000, 0x0000000786800000, 0x0000000786a00000|  0%| F|  |TAMS 0x0000000786800000, 0x0000000786800000| Untracked 
| 565|0x0000000786a00000, 0x0000000786a00000, 0x0000000786c00000|  0%| F|  |TAMS 0x0000000786a00000, 0x0000000786a00000| Untracked 
| 566|0x0000000786c00000, 0x0000000786c00000, 0x0000000786e00000|  0%| F|  |TAMS 0x0000000786c00000, 0x0000000786c00000| Untracked 
| 567|0x0000000786e00000, 0x0000000786e00000, 0x0000000787000000|  0%| F|  |TAMS 0x0000000786e00000, 0x0000000786e00000| Untracked 
| 568|0x0000000787000000, 0x0000000787000000, 0x0000000787200000|  0%| F|  |TAMS 0x0000000787000000, 0x0000000787000000| Untracked 
| 569|0x0000000787200000, 0x0000000787200000, 0x0000000787400000|  0%| F|  |TAMS 0x0000000787200000, 0x0000000787200000| Untracked 
| 570|0x0000000787400000, 0x0000000787400000, 0x0000000787600000|  0%| F|  |TAMS 0x0000000787400000, 0x0000000787400000| Untracked 
| 571|0x0000000787600000, 0x0000000787600000, 0x0000000787800000|  0%| F|  |TAMS 0x0000000787600000, 0x0000000787600000| Untracked 
| 572|0x0000000787800000, 0x0000000787800000, 0x0000000787a00000|  0%| F|  |TAMS 0x0000000787800000, 0x0000000787800000| Untracked 
| 573|0x0000000787a00000, 0x0000000787a00000, 0x0000000787c00000|  0%| F|  |TAMS 0x0000000787a00000, 0x0000000787a00000| Untracked 
| 574|0x0000000787c00000, 0x0000000787c00000, 0x0000000787e00000|  0%| F|  |TAMS 0x0000000787c00000, 0x0000000787c00000| Untracked 
| 575|0x0000000787e00000, 0x0000000787e00000, 0x0000000788000000|  0%| F|  |TAMS 0x0000000787e00000, 0x0000000787e00000| Untracked 
| 576|0x0000000788000000, 0x0000000788000000, 0x0000000788200000|  0%| F|  |TAMS 0x0000000788000000, 0x0000000788000000| Untracked 
| 577|0x0000000788200000, 0x0000000788200000, 0x0000000788400000|  0%| F|  |TAMS 0x0000000788200000, 0x0000000788200000| Untracked 
| 578|0x0000000788400000, 0x0000000788400000, 0x0000000788600000|  0%| F|  |TAMS 0x0000000788400000, 0x0000000788400000| Untracked 
| 579|0x0000000788600000, 0x0000000788600000, 0x0000000788800000|  0%| F|  |TAMS 0x0000000788600000, 0x0000000788600000| Untracked 
| 580|0x0000000788800000, 0x0000000788800000, 0x0000000788a00000|  0%| F|  |TAMS 0x0000000788800000, 0x0000000788800000| Untracked 
| 581|0x0000000788a00000, 0x0000000788a00000, 0x0000000788c00000|  0%| F|  |TAMS 0x0000000788a00000, 0x0000000788a00000| Untracked 
| 582|0x0000000788c00000, 0x0000000788c00000, 0x0000000788e00000|  0%| F|  |TAMS 0x0000000788c00000, 0x0000000788c00000| Untracked 
| 583|0x0000000788e00000, 0x0000000788e00000, 0x0000000789000000|  0%| F|  |TAMS 0x0000000788e00000, 0x0000000788e00000| Untracked 
| 584|0x0000000789000000, 0x0000000789000000, 0x0000000789200000|  0%| F|  |TAMS 0x0000000789000000, 0x0000000789000000| Untracked 
| 585|0x0000000789200000, 0x0000000789200000, 0x0000000789400000|  0%| F|  |TAMS 0x0000000789200000, 0x0000000789200000| Untracked 
| 586|0x0000000789400000, 0x0000000789400000, 0x0000000789600000|  0%| F|  |TAMS 0x0000000789400000, 0x0000000789400000| Untracked 
| 587|0x0000000789600000, 0x0000000789600000, 0x0000000789800000|  0%| F|  |TAMS 0x0000000789600000, 0x0000000789600000| Untracked 
| 588|0x0000000789800000, 0x0000000789800000, 0x0000000789a00000|  0%| F|  |TAMS 0x0000000789800000, 0x0000000789800000| Untracked 
| 589|0x0000000789a00000, 0x0000000789a00000, 0x0000000789c00000|  0%| F|  |TAMS 0x0000000789a00000, 0x0000000789a00000| Untracked 
| 590|0x0000000789c00000, 0x0000000789c00000, 0x0000000789e00000|  0%| F|  |TAMS 0x0000000789c00000, 0x0000000789c00000| Untracked 
| 591|0x0000000789e00000, 0x0000000789e00000, 0x000000078a000000|  0%| F|  |TAMS 0x0000000789e00000, 0x0000000789e00000| Untracked 
| 592|0x000000078a000000, 0x000000078a000000, 0x000000078a200000|  0%| F|  |TAMS 0x000000078a000000, 0x000000078a000000| Untracked 
| 593|0x000000078a200000, 0x000000078a200000, 0x000000078a400000|  0%| F|  |TAMS 0x000000078a200000, 0x000000078a200000| Untracked 
| 594|0x000000078a400000, 0x000000078a400000, 0x000000078a600000|  0%| F|  |TAMS 0x000000078a400000, 0x000000078a400000| Untracked 
| 595|0x000000078a600000, 0x000000078a600000, 0x000000078a800000|  0%| F|  |TAMS 0x000000078a600000, 0x000000078a600000| Untracked 
| 596|0x000000078a800000, 0x000000078a800000, 0x000000078aa00000|  0%| F|  |TAMS 0x000000078a800000, 0x000000078a800000| Untracked 
| 597|0x000000078aa00000, 0x000000078aa00000, 0x000000078ac00000|  0%| F|  |TAMS 0x000000078aa00000, 0x000000078aa00000| Untracked 
| 598|0x000000078ac00000, 0x000000078ac00000, 0x000000078ae00000|  0%| F|  |TAMS 0x000000078ac00000, 0x000000078ac00000| Untracked 
| 599|0x000000078ae00000, 0x000000078ae00000, 0x000000078b000000|  0%| F|  |TAMS 0x000000078ae00000, 0x000000078ae00000| Untracked 
| 600|0x000000078b000000, 0x000000078b000000, 0x000000078b200000|  0%| F|  |TAMS 0x000000078b000000, 0x000000078b000000| Untracked 
| 601|0x000000078b200000, 0x000000078b200000, 0x000000078b400000|  0%| F|  |TAMS 0x000000078b200000, 0x000000078b200000| Untracked 
| 602|0x000000078b400000, 0x000000078b400000, 0x000000078b600000|  0%| F|  |TAMS 0x000000078b400000, 0x000000078b400000| Untracked 
| 603|0x000000078b600000, 0x000000078b600000, 0x000000078b800000|  0%| F|  |TAMS 0x000000078b600000, 0x000000078b600000| Untracked 
| 604|0x000000078b800000, 0x000000078b800000, 0x000000078ba00000|  0%| F|  |TAMS 0x000000078b800000, 0x000000078b800000| Untracked 
| 605|0x000000078ba00000, 0x000000078ba00000, 0x000000078bc00000|  0%| F|  |TAMS 0x000000078ba00000, 0x000000078ba00000| Untracked 
| 606|0x000000078bc00000, 0x000000078bc00000, 0x000000078be00000|  0%| F|  |TAMS 0x000000078bc00000, 0x000000078bc00000| Untracked 
| 607|0x000000078be00000, 0x000000078be00000, 0x000000078c000000|  0%| F|  |TAMS 0x000000078be00000, 0x000000078be00000| Untracked 
| 608|0x000000078c000000, 0x000000078c000000, 0x000000078c200000|  0%| F|  |TAMS 0x000000078c000000, 0x000000078c000000| Untracked 
| 609|0x000000078c200000, 0x000000078c200000, 0x000000078c400000|  0%| F|  |TAMS 0x000000078c200000, 0x000000078c200000| Untracked 
| 610|0x000000078c400000, 0x000000078c400000, 0x000000078c600000|  0%| F|  |TAMS 0x000000078c400000, 0x000000078c400000| Untracked 
| 611|0x000000078c600000, 0x000000078c600000, 0x000000078c800000|  0%| F|  |TAMS 0x000000078c600000, 0x000000078c600000| Untracked 
| 612|0x000000078c800000, 0x000000078c800000, 0x000000078ca00000|  0%| F|  |TAMS 0x000000078c800000, 0x000000078c800000| Untracked 
| 613|0x000000078ca00000, 0x000000078ca00000, 0x000000078cc00000|  0%| F|  |TAMS 0x000000078ca00000, 0x000000078ca00000| Untracked 
| 614|0x000000078cc00000, 0x000000078cc00000, 0x000000078ce00000|  0%| F|  |TAMS 0x000000078cc00000, 0x000000078cc00000| Untracked 
| 615|0x000000078ce00000, 0x000000078ce00000, 0x000000078d000000|  0%| F|  |TAMS 0x000000078ce00000, 0x000000078ce00000| Untracked 
| 616|0x000000078d000000, 0x000000078d000000, 0x000000078d200000|  0%| F|  |TAMS 0x000000078d000000, 0x000000078d000000| Untracked 
| 617|0x000000078d200000, 0x000000078d200000, 0x000000078d400000|  0%| F|  |TAMS 0x000000078d200000, 0x000000078d200000| Untracked 
| 618|0x000000078d400000, 0x000000078d400000, 0x000000078d600000|  0%| F|  |TAMS 0x000000078d400000, 0x000000078d400000| Untracked 
| 619|0x000000078d600000, 0x000000078d600000, 0x000000078d800000|  0%| F|  |TAMS 0x000000078d600000, 0x000000078d600000| Untracked 
| 620|0x000000078d800000, 0x000000078d800000, 0x000000078da00000|  0%| F|  |TAMS 0x000000078d800000, 0x000000078d800000| Untracked 
| 621|0x000000078da00000, 0x000000078da00000, 0x000000078dc00000|  0%| F|  |TAMS 0x000000078da00000, 0x000000078da00000| Untracked 
| 622|0x000000078dc00000, 0x000000078dc00000, 0x000000078de00000|  0%| F|  |TAMS 0x000000078dc00000, 0x000000078dc00000| Untracked 
| 623|0x000000078de00000, 0x000000078de00000, 0x000000078e000000|  0%| F|  |TAMS 0x000000078de00000, 0x000000078de00000| Untracked 
| 624|0x000000078e000000, 0x000000078e000000, 0x000000078e200000|  0%| F|  |TAMS 0x000000078e000000, 0x000000078e000000| Untracked 
| 625|0x000000078e200000, 0x000000078e200000, 0x000000078e400000|  0%| F|  |TAMS 0x000000078e200000, 0x000000078e200000| Untracked 
| 626|0x000000078e400000, 0x000000078e400000, 0x000000078e600000|  0%| F|  |TAMS 0x000000078e400000, 0x000000078e400000| Untracked 
| 627|0x000000078e600000, 0x000000078e600000, 0x000000078e800000|  0%| F|  |TAMS 0x000000078e600000, 0x000000078e600000| Untracked 
| 628|0x000000078e800000, 0x000000078e800000, 0x000000078ea00000|  0%| F|  |TAMS 0x000000078e800000, 0x000000078e800000| Untracked 
| 629|0x000000078ea00000, 0x000000078ea00000, 0x000000078ec00000|  0%| F|  |TAMS 0x000000078ea00000, 0x000000078ea00000| Untracked 
| 630|0x000000078ec00000, 0x000000078ec00000, 0x000000078ee00000|  0%| F|  |TAMS 0x000000078ec00000, 0x000000078ec00000| Untracked 
| 631|0x000000078ee00000, 0x000000078ee00000, 0x000000078f000000|  0%| F|  |TAMS 0x000000078ee00000, 0x000000078ee00000| Untracked 
| 632|0x000000078f000000, 0x000000078f000000, 0x000000078f200000|  0%| F|  |TAMS 0x000000078f000000, 0x000000078f000000| Untracked 
| 633|0x000000078f200000, 0x000000078f200000, 0x000000078f400000|  0%| F|  |TAMS 0x000000078f200000, 0x000000078f200000| Untracked 
| 634|0x000000078f400000, 0x000000078f400000, 0x000000078f600000|  0%| F|  |TAMS 0x000000078f400000, 0x000000078f400000| Untracked 
| 635|0x000000078f600000, 0x000000078f600000, 0x000000078f800000|  0%| F|  |TAMS 0x000000078f600000, 0x000000078f600000| Untracked 
| 636|0x000000078f800000, 0x000000078f800000, 0x000000078fa00000|  0%| F|  |TAMS 0x000000078f800000, 0x000000078f800000| Untracked 
| 637|0x000000078fa00000, 0x000000078fa00000, 0x000000078fc00000|  0%| F|  |TAMS 0x000000078fa00000, 0x000000078fa00000| Untracked 
| 638|0x000000078fc00000, 0x000000078fc00000, 0x000000078fe00000|  0%| F|  |TAMS 0x000000078fc00000, 0x000000078fc00000| Untracked 
| 639|0x000000078fe00000, 0x000000078fe00000, 0x0000000790000000|  0%| F|  |TAMS 0x000000078fe00000, 0x000000078fe00000| Untracked 
| 640|0x0000000790000000, 0x0000000790000000, 0x0000000790200000|  0%| F|  |TAMS 0x0000000790000000, 0x0000000790000000| Untracked 
| 641|0x0000000790200000, 0x0000000790200000, 0x0000000790400000|  0%| F|  |TAMS 0x0000000790200000, 0x0000000790200000| Untracked 
| 642|0x0000000790400000, 0x0000000790400000, 0x0000000790600000|  0%| F|  |TAMS 0x0000000790400000, 0x0000000790400000| Untracked 
| 643|0x0000000790600000, 0x0000000790600000, 0x0000000790800000|  0%| F|  |TAMS 0x0000000790600000, 0x0000000790600000| Untracked 
| 644|0x0000000790800000, 0x0000000790800000, 0x0000000790a00000|  0%| F|  |TAMS 0x0000000790800000, 0x0000000790800000| Untracked 
| 645|0x0000000790a00000, 0x0000000790a00000, 0x0000000790c00000|  0%| F|  |TAMS 0x0000000790a00000, 0x0000000790a00000| Untracked 
| 646|0x0000000790c00000, 0x0000000790c00000, 0x0000000790e00000|  0%| F|  |TAMS 0x0000000790c00000, 0x0000000790c00000| Untracked 
| 647|0x0000000790e00000, 0x0000000790e00000, 0x0000000791000000|  0%| F|  |TAMS 0x0000000790e00000, 0x0000000790e00000| Untracked 
| 648|0x0000000791000000, 0x0000000791000000, 0x0000000791200000|  0%| F|  |TAMS 0x0000000791000000, 0x0000000791000000| Untracked 
| 649|0x0000000791200000, 0x0000000791200000, 0x0000000791400000|  0%| F|  |TAMS 0x0000000791200000, 0x0000000791200000| Untracked 
| 650|0x0000000791400000, 0x0000000791400000, 0x0000000791600000|  0%| F|  |TAMS 0x0000000791400000, 0x0000000791400000| Untracked 
| 651|0x0000000791600000, 0x0000000791600000, 0x0000000791800000|  0%| F|  |TAMS 0x0000000791600000, 0x0000000791600000| Untracked 
| 652|0x0000000791800000, 0x0000000791800000, 0x0000000791a00000|  0%| F|  |TAMS 0x0000000791800000, 0x0000000791800000| Untracked 
| 653|0x0000000791a00000, 0x0000000791a00000, 0x0000000791c00000|  0%| F|  |TAMS 0x0000000791a00000, 0x0000000791a00000| Untracked 
| 654|0x0000000791c00000, 0x0000000791c00000, 0x0000000791e00000|  0%| F|  |TAMS 0x0000000791c00000, 0x0000000791c00000| Untracked 
| 655|0x0000000791e00000, 0x0000000791e00000, 0x0000000792000000|  0%| F|  |TAMS 0x0000000791e00000, 0x0000000791e00000| Untracked 
| 656|0x0000000792000000, 0x0000000792000000, 0x0000000792200000|  0%| F|  |TAMS 0x0000000792000000, 0x0000000792000000| Untracked 
| 657|0x0000000792200000, 0x0000000792200000, 0x0000000792400000|  0%| F|  |TAMS 0x0000000792200000, 0x0000000792200000| Untracked 
| 658|0x0000000792400000, 0x0000000792400000, 0x0000000792600000|  0%| F|  |TAMS 0x0000000792400000, 0x0000000792400000| Untracked 
| 659|0x0000000792600000, 0x0000000792600000, 0x0000000792800000|  0%| F|  |TAMS 0x0000000792600000, 0x0000000792600000| Untracked 
| 660|0x0000000792800000, 0x0000000792800000, 0x0000000792a00000|  0%| F|  |TAMS 0x0000000792800000, 0x0000000792800000| Untracked 
| 661|0x0000000792a00000, 0x0000000792a00000, 0x0000000792c00000|  0%| F|  |TAMS 0x0000000792a00000, 0x0000000792a00000| Untracked 
| 662|0x0000000792c00000, 0x0000000792c00000, 0x0000000792e00000|  0%| F|  |TAMS 0x0000000792c00000, 0x0000000792c00000| Untracked 
| 663|0x0000000792e00000, 0x0000000792e00000, 0x0000000793000000|  0%| F|  |TAMS 0x0000000792e00000, 0x0000000792e00000| Untracked 
| 664|0x0000000793000000, 0x0000000793000000, 0x0000000793200000|  0%| F|  |TAMS 0x0000000793000000, 0x0000000793000000| Untracked 
| 665|0x0000000793200000, 0x0000000793200000, 0x0000000793400000|  0%| F|  |TAMS 0x0000000793200000, 0x0000000793200000| Untracked 
| 666|0x0000000793400000, 0x0000000793400000, 0x0000000793600000|  0%| F|  |TAMS 0x0000000793400000, 0x0000000793400000| Untracked 
| 667|0x0000000793600000, 0x0000000793600000, 0x0000000793800000|  0%| F|  |TAMS 0x0000000793600000, 0x0000000793600000| Untracked 
| 668|0x0000000793800000, 0x0000000793800000, 0x0000000793a00000|  0%| F|  |TAMS 0x0000000793800000, 0x0000000793800000| Untracked 
| 669|0x0000000793a00000, 0x0000000793a00000, 0x0000000793c00000|  0%| F|  |TAMS 0x0000000793a00000, 0x0000000793a00000| Untracked 
| 670|0x0000000793c00000, 0x0000000793c00000, 0x0000000793e00000|  0%| F|  |TAMS 0x0000000793c00000, 0x0000000793c00000| Untracked 
| 671|0x0000000793e00000, 0x0000000793e00000, 0x0000000794000000|  0%| F|  |TAMS 0x0000000793e00000, 0x0000000793e00000| Untracked 
| 672|0x0000000794000000, 0x0000000794000000, 0x0000000794200000|  0%| F|  |TAMS 0x0000000794000000, 0x0000000794000000| Untracked 
| 673|0x0000000794200000, 0x0000000794200000, 0x0000000794400000|  0%| F|  |TAMS 0x0000000794200000, 0x0000000794200000| Untracked 
| 674|0x0000000794400000, 0x0000000794400000, 0x0000000794600000|  0%| F|  |TAMS 0x0000000794400000, 0x0000000794400000| Untracked 
| 675|0x0000000794600000, 0x0000000794600000, 0x0000000794800000|  0%| F|  |TAMS 0x0000000794600000, 0x0000000794600000| Untracked 
| 676|0x0000000794800000, 0x0000000794800000, 0x0000000794a00000|  0%| F|  |TAMS 0x0000000794800000, 0x0000000794800000| Untracked 
| 677|0x0000000794a00000, 0x0000000794a00000, 0x0000000794c00000|  0%| F|  |TAMS 0x0000000794a00000, 0x0000000794a00000| Untracked 
| 678|0x0000000794c00000, 0x0000000794c00000, 0x0000000794e00000|  0%| F|  |TAMS 0x0000000794c00000, 0x0000000794c00000| Untracked 
| 679|0x0000000794e00000, 0x0000000794e00000, 0x0000000795000000|  0%| F|  |TAMS 0x0000000794e00000, 0x0000000794e00000| Untracked 
| 680|0x0000000795000000, 0x0000000795000000, 0x0000000795200000|  0%| F|  |TAMS 0x0000000795000000, 0x0000000795000000| Untracked 
| 681|0x0000000795200000, 0x0000000795200000, 0x0000000795400000|  0%| F|  |TAMS 0x0000000795200000, 0x0000000795200000| Untracked 
| 682|0x0000000795400000, 0x0000000795400000, 0x0000000795600000|  0%| F|  |TAMS 0x0000000795400000, 0x0000000795400000| Untracked 
| 683|0x0000000795600000, 0x0000000795600000, 0x0000000795800000|  0%| F|  |TAMS 0x0000000795600000, 0x0000000795600000| Untracked 
| 684|0x0000000795800000, 0x0000000795800000, 0x0000000795a00000|  0%| F|  |TAMS 0x0000000795800000, 0x0000000795800000| Untracked 
| 685|0x0000000795a00000, 0x0000000795a00000, 0x0000000795c00000|  0%| F|  |TAMS 0x0000000795a00000, 0x0000000795a00000| Untracked 
| 686|0x0000000795c00000, 0x0000000795c00000, 0x0000000795e00000|  0%| F|  |TAMS 0x0000000795c00000, 0x0000000795c00000| Untracked 
| 687|0x0000000795e00000, 0x0000000795e00000, 0x0000000796000000|  0%| F|  |TAMS 0x0000000795e00000, 0x0000000795e00000| Untracked 
| 688|0x0000000796000000, 0x0000000796000000, 0x0000000796200000|  0%| F|  |TAMS 0x0000000796000000, 0x0000000796000000| Untracked 
| 689|0x0000000796200000, 0x0000000796200000, 0x0000000796400000|  0%| F|  |TAMS 0x0000000796200000, 0x0000000796200000| Untracked 
| 690|0x0000000796400000, 0x0000000796400000, 0x0000000796600000|  0%| F|  |TAMS 0x0000000796400000, 0x0000000796400000| Untracked 
| 691|0x0000000796600000, 0x0000000796600000, 0x0000000796800000|  0%| F|  |TAMS 0x0000000796600000, 0x0000000796600000| Untracked 
| 692|0x0000000796800000, 0x0000000796800000, 0x0000000796a00000|  0%| F|  |TAMS 0x0000000796800000, 0x0000000796800000| Untracked 
| 693|0x0000000796a00000, 0x0000000796a00000, 0x0000000796c00000|  0%| F|  |TAMS 0x0000000796a00000, 0x0000000796a00000| Untracked 
| 694|0x0000000796c00000, 0x0000000796c00000, 0x0000000796e00000|  0%| F|  |TAMS 0x0000000796c00000, 0x0000000796c00000| Untracked 
| 695|0x0000000796e00000, 0x0000000796e00000, 0x0000000797000000|  0%| F|  |TAMS 0x0000000796e00000, 0x0000000796e00000| Untracked 
| 696|0x0000000797000000, 0x0000000797000000, 0x0000000797200000|  0%| F|  |TAMS 0x0000000797000000, 0x0000000797000000| Untracked 
| 697|0x0000000797200000, 0x0000000797200000, 0x0000000797400000|  0%| F|  |TAMS 0x0000000797200000, 0x0000000797200000| Untracked 
| 698|0x0000000797400000, 0x0000000797400000, 0x0000000797600000|  0%| F|  |TAMS 0x0000000797400000, 0x0000000797400000| Untracked 
| 699|0x0000000797600000, 0x0000000797600000, 0x0000000797800000|  0%| F|  |TAMS 0x0000000797600000, 0x0000000797600000| Untracked 
| 700|0x0000000797800000, 0x0000000797800000, 0x0000000797a00000|  0%| F|  |TAMS 0x0000000797800000, 0x0000000797800000| Untracked 
| 701|0x0000000797a00000, 0x0000000797a00000, 0x0000000797c00000|  0%| F|  |TAMS 0x0000000797a00000, 0x0000000797a00000| Untracked 
| 702|0x0000000797c00000, 0x0000000797c00000, 0x0000000797e00000|  0%| F|  |TAMS 0x0000000797c00000, 0x0000000797c00000| Untracked 
| 703|0x0000000797e00000, 0x0000000797e00000, 0x0000000798000000|  0%| F|  |TAMS 0x0000000797e00000, 0x0000000797e00000| Untracked 
| 704|0x0000000798000000, 0x0000000798000000, 0x0000000798200000|  0%| F|  |TAMS 0x0000000798000000, 0x0000000798000000| Untracked 
| 705|0x0000000798200000, 0x0000000798200000, 0x0000000798400000|  0%| F|  |TAMS 0x0000000798200000, 0x0000000798200000| Untracked 
| 706|0x0000000798400000, 0x0000000798400000, 0x0000000798600000|  0%| F|  |TAMS 0x0000000798400000, 0x0000000798400000| Untracked 
| 707|0x0000000798600000, 0x0000000798600000, 0x0000000798800000|  0%| F|  |TAMS 0x0000000798600000, 0x0000000798600000| Untracked 
| 708|0x0000000798800000, 0x0000000798800000, 0x0000000798a00000|  0%| F|  |TAMS 0x0000000798800000, 0x0000000798800000| Untracked 
| 709|0x0000000798a00000, 0x0000000798a00000, 0x0000000798c00000|  0%| F|  |TAMS 0x0000000798a00000, 0x0000000798a00000| Untracked 
| 710|0x0000000798c00000, 0x0000000798c00000, 0x0000000798e00000|  0%| F|  |TAMS 0x0000000798c00000, 0x0000000798c00000| Untracked 
| 711|0x0000000798e00000, 0x0000000798e00000, 0x0000000799000000|  0%| F|  |TAMS 0x0000000798e00000, 0x0000000798e00000| Untracked 
| 712|0x0000000799000000, 0x0000000799000000, 0x0000000799200000|  0%| F|  |TAMS 0x0000000799000000, 0x0000000799000000| Untracked 
| 713|0x0000000799200000, 0x0000000799200000, 0x0000000799400000|  0%| F|  |TAMS 0x0000000799200000, 0x0000000799200000| Untracked 
| 714|0x0000000799400000, 0x0000000799400000, 0x0000000799600000|  0%| F|  |TAMS 0x0000000799400000, 0x0000000799400000| Untracked 
| 715|0x0000000799600000, 0x0000000799600000, 0x0000000799800000|  0%| F|  |TAMS 0x0000000799600000, 0x0000000799600000| Untracked 
| 716|0x0000000799800000, 0x0000000799800000, 0x0000000799a00000|  0%| F|  |TAMS 0x0000000799800000, 0x0000000799800000| Untracked 
| 717|0x0000000799a00000, 0x0000000799a00000, 0x0000000799c00000|  0%| F|  |TAMS 0x0000000799a00000, 0x0000000799a00000| Untracked 
| 718|0x0000000799c00000, 0x0000000799c00000, 0x0000000799e00000|  0%| F|  |TAMS 0x0000000799c00000, 0x0000000799c00000| Untracked 
| 719|0x0000000799e00000, 0x0000000799e00000, 0x000000079a000000|  0%| F|  |TAMS 0x0000000799e00000, 0x0000000799e00000| Untracked 
| 720|0x000000079a000000, 0x000000079a000000, 0x000000079a200000|  0%| F|  |TAMS 0x000000079a000000, 0x000000079a000000| Untracked 
| 721|0x000000079a200000, 0x000000079a200000, 0x000000079a400000|  0%| F|  |TAMS 0x000000079a200000, 0x000000079a200000| Untracked 
| 722|0x000000079a400000, 0x000000079a400000, 0x000000079a600000|  0%| F|  |TAMS 0x000000079a400000, 0x000000079a400000| Untracked 
| 723|0x000000079a600000, 0x000000079a600000, 0x000000079a800000|  0%| F|  |TAMS 0x000000079a600000, 0x000000079a600000| Untracked 
| 724|0x000000079a800000, 0x000000079a800000, 0x000000079aa00000|  0%| F|  |TAMS 0x000000079a800000, 0x000000079a800000| Untracked 
| 725|0x000000079aa00000, 0x000000079aa00000, 0x000000079ac00000|  0%| F|  |TAMS 0x000000079aa00000, 0x000000079aa00000| Untracked 
| 726|0x000000079ac00000, 0x000000079ac00000, 0x000000079ae00000|  0%| F|  |TAMS 0x000000079ac00000, 0x000000079ac00000| Untracked 
| 727|0x000000079ae00000, 0x000000079ae00000, 0x000000079b000000|  0%| F|  |TAMS 0x000000079ae00000, 0x000000079ae00000| Untracked 
| 728|0x000000079b000000, 0x000000079b000000, 0x000000079b200000|  0%| F|  |TAMS 0x000000079b000000, 0x000000079b000000| Untracked 
| 729|0x000000079b200000, 0x000000079b200000, 0x000000079b400000|  0%| F|  |TAMS 0x000000079b200000, 0x000000079b200000| Untracked 
| 730|0x000000079b400000, 0x000000079b400000, 0x000000079b600000|  0%| F|  |TAMS 0x000000079b400000, 0x000000079b400000| Untracked 
| 731|0x000000079b600000, 0x000000079b600000, 0x000000079b800000|  0%| F|  |TAMS 0x000000079b600000, 0x000000079b600000| Untracked 
| 732|0x000000079b800000, 0x000000079b800000, 0x000000079ba00000|  0%| F|  |TAMS 0x000000079b800000, 0x000000079b800000| Untracked 
| 733|0x000000079ba00000, 0x000000079ba00000, 0x000000079bc00000|  0%| F|  |TAMS 0x000000079ba00000, 0x000000079ba00000| Untracked 
| 734|0x000000079bc00000, 0x000000079bc00000, 0x000000079be00000|  0%| F|  |TAMS 0x000000079bc00000, 0x000000079bc00000| Untracked 
| 735|0x000000079be00000, 0x000000079be00000, 0x000000079c000000|  0%| F|  |TAMS 0x000000079be00000, 0x000000079be00000| Untracked 
| 736|0x000000079c000000, 0x000000079c000000, 0x000000079c200000|  0%| F|  |TAMS 0x000000079c000000, 0x000000079c000000| Untracked 
| 737|0x000000079c200000, 0x000000079c200000, 0x000000079c400000|  0%| F|  |TAMS 0x000000079c200000, 0x000000079c200000| Untracked 
| 738|0x000000079c400000, 0x000000079c400000, 0x000000079c600000|  0%| F|  |TAMS 0x000000079c400000, 0x000000079c400000| Untracked 
| 739|0x000000079c600000, 0x000000079c600000, 0x000000079c800000|  0%| F|  |TAMS 0x000000079c600000, 0x000000079c600000| Untracked 
| 740|0x000000079c800000, 0x000000079c800000, 0x000000079ca00000|  0%| F|  |TAMS 0x000000079c800000, 0x000000079c800000| Untracked 
| 741|0x000000079ca00000, 0x000000079ca00000, 0x000000079cc00000|  0%| F|  |TAMS 0x000000079ca00000, 0x000000079ca00000| Untracked 
| 742|0x000000079cc00000, 0x000000079cc00000, 0x000000079ce00000|  0%| F|  |TAMS 0x000000079cc00000, 0x000000079cc00000| Untracked 
| 743|0x000000079ce00000, 0x000000079ce00000, 0x000000079d000000|  0%| F|  |TAMS 0x000000079ce00000, 0x000000079ce00000| Untracked 
| 744|0x000000079d000000, 0x000000079d000000, 0x000000079d200000|  0%| F|  |TAMS 0x000000079d000000, 0x000000079d000000| Untracked 
| 745|0x000000079d200000, 0x000000079d200000, 0x000000079d400000|  0%| F|  |TAMS 0x000000079d200000, 0x000000079d200000| Untracked 
| 746|0x000000079d400000, 0x000000079d400000, 0x000000079d600000|  0%| F|  |TAMS 0x000000079d400000, 0x000000079d400000| Untracked 
| 747|0x000000079d600000, 0x000000079d600000, 0x000000079d800000|  0%| F|  |TAMS 0x000000079d600000, 0x000000079d600000| Untracked 
| 748|0x000000079d800000, 0x000000079d800000, 0x000000079da00000|  0%| F|  |TAMS 0x000000079d800000, 0x000000079d800000| Untracked 
| 749|0x000000079da00000, 0x000000079da00000, 0x000000079dc00000|  0%| F|  |TAMS 0x000000079da00000, 0x000000079da00000| Untracked 
| 750|0x000000079dc00000, 0x000000079dc00000, 0x000000079de00000|  0%| F|  |TAMS 0x000000079dc00000, 0x000000079dc00000| Untracked 
| 751|0x000000079de00000, 0x000000079de00000, 0x000000079e000000|  0%| F|  |TAMS 0x000000079de00000, 0x000000079de00000| Untracked 
| 752|0x000000079e000000, 0x000000079e000000, 0x000000079e200000|  0%| F|  |TAMS 0x000000079e000000, 0x000000079e000000| Untracked 
| 753|0x000000079e200000, 0x000000079e200000, 0x000000079e400000|  0%| F|  |TAMS 0x000000079e200000, 0x000000079e200000| Untracked 
| 754|0x000000079e400000, 0x000000079e400000, 0x000000079e600000|  0%| F|  |TAMS 0x000000079e400000, 0x000000079e400000| Untracked 
| 755|0x000000079e600000, 0x000000079e600000, 0x000000079e800000|  0%| F|  |TAMS 0x000000079e600000, 0x000000079e600000| Untracked 
| 756|0x000000079e800000, 0x000000079e800000, 0x000000079ea00000|  0%| F|  |TAMS 0x000000079e800000, 0x000000079e800000| Untracked 
| 757|0x000000079ea00000, 0x000000079ea00000, 0x000000079ec00000|  0%| F|  |TAMS 0x000000079ea00000, 0x000000079ea00000| Untracked 
| 758|0x000000079ec00000, 0x000000079ec00000, 0x000000079ee00000|  0%| F|  |TAMS 0x000000079ec00000, 0x000000079ec00000| Untracked 
| 759|0x000000079ee00000, 0x000000079ee00000, 0x000000079f000000|  0%| F|  |TAMS 0x000000079ee00000, 0x000000079ee00000| Untracked 
| 760|0x000000079f000000, 0x000000079f000000, 0x000000079f200000|  0%| F|  |TAMS 0x000000079f000000, 0x000000079f000000| Untracked 
| 761|0x000000079f200000, 0x000000079f200000, 0x000000079f400000|  0%| F|  |TAMS 0x000000079f200000, 0x000000079f200000| Untracked 
| 762|0x000000079f400000, 0x000000079f400000, 0x000000079f600000|  0%| F|  |TAMS 0x000000079f400000, 0x000000079f400000| Untracked 
| 763|0x000000079f600000, 0x000000079f600000, 0x000000079f800000|  0%| F|  |TAMS 0x000000079f600000, 0x000000079f600000| Untracked 
| 764|0x000000079f800000, 0x000000079f800000, 0x000000079fa00000|  0%| F|  |TAMS 0x000000079f800000, 0x000000079f800000| Untracked 
| 765|0x000000079fa00000, 0x000000079fa00000, 0x000000079fc00000|  0%| F|  |TAMS 0x000000079fa00000, 0x000000079fa00000| Untracked 
| 766|0x000000079fc00000, 0x000000079fc00000, 0x000000079fe00000|  0%| F|  |TAMS 0x000000079fc00000, 0x000000079fc00000| Untracked 
| 767|0x000000079fe00000, 0x000000079fe00000, 0x00000007a0000000|  0%| F|  |TAMS 0x000000079fe00000, 0x000000079fe00000| Untracked 
| 768|0x00000007a0000000, 0x00000007a0000000, 0x00000007a0200000|  0%| F|  |TAMS 0x00000007a0000000, 0x00000007a0000000| Untracked 
| 769|0x00000007a0200000, 0x00000007a0200000, 0x00000007a0400000|  0%| F|  |TAMS 0x00000007a0200000, 0x00000007a0200000| Untracked 
| 770|0x00000007a0400000, 0x00000007a0400000, 0x00000007a0600000|  0%| F|  |TAMS 0x00000007a0400000, 0x00000007a0400000| Untracked 
| 771|0x00000007a0600000, 0x00000007a0600000, 0x00000007a0800000|  0%| F|  |TAMS 0x00000007a0600000, 0x00000007a0600000| Untracked 
| 772|0x00000007a0800000, 0x00000007a0800000, 0x00000007a0a00000|  0%| F|  |TAMS 0x00000007a0800000, 0x00000007a0800000| Untracked 
| 773|0x00000007a0a00000, 0x00000007a0a00000, 0x00000007a0c00000|  0%| F|  |TAMS 0x00000007a0a00000, 0x00000007a0a00000| Untracked 
| 774|0x00000007a0c00000, 0x00000007a0c00000, 0x00000007a0e00000|  0%| F|  |TAMS 0x00000007a0c00000, 0x00000007a0c00000| Untracked 
| 775|0x00000007a0e00000, 0x00000007a0e00000, 0x00000007a1000000|  0%| F|  |TAMS 0x00000007a0e00000, 0x00000007a0e00000| Untracked 
| 776|0x00000007a1000000, 0x00000007a1000000, 0x00000007a1200000|  0%| F|  |TAMS 0x00000007a1000000, 0x00000007a1000000| Untracked 
| 777|0x00000007a1200000, 0x00000007a1200000, 0x00000007a1400000|  0%| F|  |TAMS 0x00000007a1200000, 0x00000007a1200000| Untracked 
| 778|0x00000007a1400000, 0x00000007a1400000, 0x00000007a1600000|  0%| F|  |TAMS 0x00000007a1400000, 0x00000007a1400000| Untracked 
| 779|0x00000007a1600000, 0x00000007a1600000, 0x00000007a1800000|  0%| F|  |TAMS 0x00000007a1600000, 0x00000007a1600000| Untracked 
| 780|0x00000007a1800000, 0x00000007a1800000, 0x00000007a1a00000|  0%| F|  |TAMS 0x00000007a1800000, 0x00000007a1800000| Untracked 
| 781|0x00000007a1a00000, 0x00000007a1a00000, 0x00000007a1c00000|  0%| F|  |TAMS 0x00000007a1a00000, 0x00000007a1a00000| Untracked 
| 782|0x00000007a1c00000, 0x00000007a1c00000, 0x00000007a1e00000|  0%| F|  |TAMS 0x00000007a1c00000, 0x00000007a1c00000| Untracked 
| 783|0x00000007a1e00000, 0x00000007a1e00000, 0x00000007a2000000|  0%| F|  |TAMS 0x00000007a1e00000, 0x00000007a1e00000| Untracked 
| 784|0x00000007a2000000, 0x00000007a2000000, 0x00000007a2200000|  0%| F|  |TAMS 0x00000007a2000000, 0x00000007a2000000| Untracked 
| 785|0x00000007a2200000, 0x00000007a2200000, 0x00000007a2400000|  0%| F|  |TAMS 0x00000007a2200000, 0x00000007a2200000| Untracked 
| 786|0x00000007a2400000, 0x00000007a2400000, 0x00000007a2600000|  0%| F|  |TAMS 0x00000007a2400000, 0x00000007a2400000| Untracked 
| 787|0x00000007a2600000, 0x00000007a2600000, 0x00000007a2800000|  0%| F|  |TAMS 0x00000007a2600000, 0x00000007a2600000| Untracked 
| 788|0x00000007a2800000, 0x00000007a2800000, 0x00000007a2a00000|  0%| F|  |TAMS 0x00000007a2800000, 0x00000007a2800000| Untracked 
| 789|0x00000007a2a00000, 0x00000007a2a00000, 0x00000007a2c00000|  0%| F|  |TAMS 0x00000007a2a00000, 0x00000007a2a00000| Untracked 
| 790|0x00000007a2c00000, 0x00000007a2c00000, 0x00000007a2e00000|  0%| F|  |TAMS 0x00000007a2c00000, 0x00000007a2c00000| Untracked 
| 791|0x00000007a2e00000, 0x00000007a2e00000, 0x00000007a3000000|  0%| F|  |TAMS 0x00000007a2e00000, 0x00000007a2e00000| Untracked 
| 792|0x00000007a3000000, 0x00000007a3000000, 0x00000007a3200000|  0%| F|  |TAMS 0x00000007a3000000, 0x00000007a3000000| Untracked 
| 793|0x00000007a3200000, 0x00000007a3200000, 0x00000007a3400000|  0%| F|  |TAMS 0x00000007a3200000, 0x00000007a3200000| Untracked 
| 794|0x00000007a3400000, 0x00000007a3400000, 0x00000007a3600000|  0%| F|  |TAMS 0x00000007a3400000, 0x00000007a3400000| Untracked 
| 795|0x00000007a3600000, 0x00000007a3600000, 0x00000007a3800000|  0%| F|  |TAMS 0x00000007a3600000, 0x00000007a3600000| Untracked 
| 796|0x00000007a3800000, 0x00000007a3800000, 0x00000007a3a00000|  0%| F|  |TAMS 0x00000007a3800000, 0x00000007a3800000| Untracked 
| 797|0x00000007a3a00000, 0x00000007a3a00000, 0x00000007a3c00000|  0%| F|  |TAMS 0x00000007a3a00000, 0x00000007a3a00000| Untracked 
| 798|0x00000007a3c00000, 0x00000007a3c00000, 0x00000007a3e00000|  0%| F|  |TAMS 0x00000007a3c00000, 0x00000007a3c00000| Untracked 
| 799|0x00000007a3e00000, 0x00000007a3e00000, 0x00000007a4000000|  0%| F|  |TAMS 0x00000007a3e00000, 0x00000007a3e00000| Untracked 
| 800|0x00000007a4000000, 0x00000007a4000000, 0x00000007a4200000|  0%| F|  |TAMS 0x00000007a4000000, 0x00000007a4000000| Untracked 
| 801|0x00000007a4200000, 0x00000007a4200000, 0x00000007a4400000|  0%| F|  |TAMS 0x00000007a4200000, 0x00000007a4200000| Untracked 
| 802|0x00000007a4400000, 0x00000007a4400000, 0x00000007a4600000|  0%| F|  |TAMS 0x00000007a4400000, 0x00000007a4400000| Untracked 
| 803|0x00000007a4600000, 0x00000007a4600000, 0x00000007a4800000|  0%| F|  |TAMS 0x00000007a4600000, 0x00000007a4600000| Untracked 
| 804|0x00000007a4800000, 0x00000007a4800000, 0x00000007a4a00000|  0%| F|  |TAMS 0x00000007a4800000, 0x00000007a4800000| Untracked 
| 805|0x00000007a4a00000, 0x00000007a4a00000, 0x00000007a4c00000|  0%| F|  |TAMS 0x00000007a4a00000, 0x00000007a4a00000| Untracked 
| 806|0x00000007a4c00000, 0x00000007a4c00000, 0x00000007a4e00000|  0%| F|  |TAMS 0x00000007a4c00000, 0x00000007a4c00000| Untracked 
| 807|0x00000007a4e00000, 0x00000007a4e00000, 0x00000007a5000000|  0%| F|  |TAMS 0x00000007a4e00000, 0x00000007a4e00000| Untracked 
| 808|0x00000007a5000000, 0x00000007a5000000, 0x00000007a5200000|  0%| F|  |TAMS 0x00000007a5000000, 0x00000007a5000000| Untracked 
| 809|0x00000007a5200000, 0x00000007a5200000, 0x00000007a5400000|  0%| F|  |TAMS 0x00000007a5200000, 0x00000007a5200000| Untracked 
| 810|0x00000007a5400000, 0x00000007a5400000, 0x00000007a5600000|  0%| F|  |TAMS 0x00000007a5400000, 0x00000007a5400000| Untracked 
| 811|0x00000007a5600000, 0x00000007a5600000, 0x00000007a5800000|  0%| F|  |TAMS 0x00000007a5600000, 0x00000007a5600000| Untracked 
| 812|0x00000007a5800000, 0x00000007a5800000, 0x00000007a5a00000|  0%| F|  |TAMS 0x00000007a5800000, 0x00000007a5800000| Untracked 
| 813|0x00000007a5a00000, 0x00000007a5a00000, 0x00000007a5c00000|  0%| F|  |TAMS 0x00000007a5a00000, 0x00000007a5a00000| Untracked 
| 814|0x00000007a5c00000, 0x00000007a5c00000, 0x00000007a5e00000|  0%| F|  |TAMS 0x00000007a5c00000, 0x00000007a5c00000| Untracked 
| 815|0x00000007a5e00000, 0x00000007a5e00000, 0x00000007a6000000|  0%| F|  |TAMS 0x00000007a5e00000, 0x00000007a5e00000| Untracked 
| 816|0x00000007a6000000, 0x00000007a6000000, 0x00000007a6200000|  0%| F|  |TAMS 0x00000007a6000000, 0x00000007a6000000| Untracked 
| 817|0x00000007a6200000, 0x00000007a6200000, 0x00000007a6400000|  0%| F|  |TAMS 0x00000007a6200000, 0x00000007a6200000| Untracked 
| 818|0x00000007a6400000, 0x00000007a6400000, 0x00000007a6600000|  0%| F|  |TAMS 0x00000007a6400000, 0x00000007a6400000| Untracked 
| 819|0x00000007a6600000, 0x00000007a6600000, 0x00000007a6800000|  0%| F|  |TAMS 0x00000007a6600000, 0x00000007a6600000| Untracked 
| 820|0x00000007a6800000, 0x00000007a6800000, 0x00000007a6a00000|  0%| F|  |TAMS 0x00000007a6800000, 0x00000007a6800000| Untracked 
| 821|0x00000007a6a00000, 0x00000007a6a00000, 0x00000007a6c00000|  0%| F|  |TAMS 0x00000007a6a00000, 0x00000007a6a00000| Untracked 
| 822|0x00000007a6c00000, 0x00000007a6c00000, 0x00000007a6e00000|  0%| F|  |TAMS 0x00000007a6c00000, 0x00000007a6c00000| Untracked 
| 823|0x00000007a6e00000, 0x00000007a6e00000, 0x00000007a7000000|  0%| F|  |TAMS 0x00000007a6e00000, 0x00000007a6e00000| Untracked 
| 824|0x00000007a7000000, 0x00000007a7000000, 0x00000007a7200000|  0%| F|  |TAMS 0x00000007a7000000, 0x00000007a7000000| Untracked 
| 825|0x00000007a7200000, 0x00000007a7200000, 0x00000007a7400000|  0%| F|  |TAMS 0x00000007a7200000, 0x00000007a7200000| Untracked 
| 826|0x00000007a7400000, 0x00000007a7400000, 0x00000007a7600000|  0%| F|  |TAMS 0x00000007a7400000, 0x00000007a7400000| Untracked 
| 827|0x00000007a7600000, 0x00000007a7600000, 0x00000007a7800000|  0%| F|  |TAMS 0x00000007a7600000, 0x00000007a7600000| Untracked 
| 828|0x00000007a7800000, 0x00000007a7800000, 0x00000007a7a00000|  0%| F|  |TAMS 0x00000007a7800000, 0x00000007a7800000| Untracked 
| 829|0x00000007a7a00000, 0x00000007a7a00000, 0x00000007a7c00000|  0%| F|  |TAMS 0x00000007a7a00000, 0x00000007a7a00000| Untracked 
| 830|0x00000007a7c00000, 0x00000007a7c00000, 0x00000007a7e00000|  0%| F|  |TAMS 0x00000007a7c00000, 0x00000007a7c00000| Untracked 
| 831|0x00000007a7e00000, 0x00000007a7e00000, 0x00000007a8000000|  0%| F|  |TAMS 0x00000007a7e00000, 0x00000007a7e00000| Untracked 
| 832|0x00000007a8000000, 0x00000007a8000000, 0x00000007a8200000|  0%| F|  |TAMS 0x00000007a8000000, 0x00000007a8000000| Untracked 
| 833|0x00000007a8200000, 0x00000007a8200000, 0x00000007a8400000|  0%| F|  |TAMS 0x00000007a8200000, 0x00000007a8200000| Untracked 
| 834|0x00000007a8400000, 0x00000007a8400000, 0x00000007a8600000|  0%| F|  |TAMS 0x00000007a8400000, 0x00000007a8400000| Untracked 
| 835|0x00000007a8600000, 0x00000007a8600000, 0x00000007a8800000|  0%| F|  |TAMS 0x00000007a8600000, 0x00000007a8600000| Untracked 
| 836|0x00000007a8800000, 0x00000007a8800000, 0x00000007a8a00000|  0%| F|  |TAMS 0x00000007a8800000, 0x00000007a8800000| Untracked 
| 837|0x00000007a8a00000, 0x00000007a8a00000, 0x00000007a8c00000|  0%| F|  |TAMS 0x00000007a8a00000, 0x00000007a8a00000| Untracked 
| 838|0x00000007a8c00000, 0x00000007a8c00000, 0x00000007a8e00000|  0%| F|  |TAMS 0x00000007a8c00000, 0x00000007a8c00000| Untracked 
| 839|0x00000007a8e00000, 0x00000007a8e00000, 0x00000007a9000000|  0%| F|  |TAMS 0x00000007a8e00000, 0x00000007a8e00000| Untracked 
| 840|0x00000007a9000000, 0x00000007a9000000, 0x00000007a9200000|  0%| F|  |TAMS 0x00000007a9000000, 0x00000007a9000000| Untracked 
| 841|0x00000007a9200000, 0x00000007a9200000, 0x00000007a9400000|  0%| F|  |TAMS 0x00000007a9200000, 0x00000007a9200000| Untracked 
| 842|0x00000007a9400000, 0x00000007a9400000, 0x00000007a9600000|  0%| F|  |TAMS 0x00000007a9400000, 0x00000007a9400000| Untracked 
| 843|0x00000007a9600000, 0x00000007a9600000, 0x00000007a9800000|  0%| F|  |TAMS 0x00000007a9600000, 0x00000007a9600000| Untracked 
| 844|0x00000007a9800000, 0x00000007a9800000, 0x00000007a9a00000|  0%| F|  |TAMS 0x00000007a9800000, 0x00000007a9800000| Untracked 
| 845|0x00000007a9a00000, 0x00000007a9a00000, 0x00000007a9c00000|  0%| F|  |TAMS 0x00000007a9a00000, 0x00000007a9a00000| Untracked 
| 846|0x00000007a9c00000, 0x00000007a9c00000, 0x00000007a9e00000|  0%| F|  |TAMS 0x00000007a9c00000, 0x00000007a9c00000| Untracked 
| 847|0x00000007a9e00000, 0x00000007a9e00000, 0x00000007aa000000|  0%| F|  |TAMS 0x00000007a9e00000, 0x00000007a9e00000| Untracked 
| 848|0x00000007aa000000, 0x00000007aa000000, 0x00000007aa200000|  0%| F|  |TAMS 0x00000007aa000000, 0x00000007aa000000| Untracked 
| 849|0x00000007aa200000, 0x00000007aa200000, 0x00000007aa400000|  0%| F|  |TAMS 0x00000007aa200000, 0x00000007aa200000| Untracked 
| 850|0x00000007aa400000, 0x00000007aa400000, 0x00000007aa600000|  0%| F|  |TAMS 0x00000007aa400000, 0x00000007aa400000| Untracked 
| 851|0x00000007aa600000, 0x00000007aa600000, 0x00000007aa800000|  0%| F|  |TAMS 0x00000007aa600000, 0x00000007aa600000| Untracked 
| 852|0x00000007aa800000, 0x00000007aa800000, 0x00000007aaa00000|  0%| F|  |TAMS 0x00000007aa800000, 0x00000007aa800000| Untracked 
| 853|0x00000007aaa00000, 0x00000007aaa00000, 0x00000007aac00000|  0%| F|  |TAMS 0x00000007aaa00000, 0x00000007aaa00000| Untracked 
| 854|0x00000007aac00000, 0x00000007aac00000, 0x00000007aae00000|  0%| F|  |TAMS 0x00000007aac00000, 0x00000007aac00000| Untracked 
| 855|0x00000007aae00000, 0x00000007aae00000, 0x00000007ab000000|  0%| F|  |TAMS 0x00000007aae00000, 0x00000007aae00000| Untracked 
| 856|0x00000007ab000000, 0x00000007ab000000, 0x00000007ab200000|  0%| F|  |TAMS 0x00000007ab000000, 0x00000007ab000000| Untracked 
| 857|0x00000007ab200000, 0x00000007ab200000, 0x00000007ab400000|  0%| F|  |TAMS 0x00000007ab200000, 0x00000007ab200000| Untracked 
| 858|0x00000007ab400000, 0x00000007ab400000, 0x00000007ab600000|  0%| F|  |TAMS 0x00000007ab400000, 0x00000007ab400000| Untracked 
| 859|0x00000007ab600000, 0x00000007ab600000, 0x00000007ab800000|  0%| F|  |TAMS 0x00000007ab600000, 0x00000007ab600000| Untracked 
| 860|0x00000007ab800000, 0x00000007ab800000, 0x00000007aba00000|  0%| F|  |TAMS 0x00000007ab800000, 0x00000007ab800000| Untracked 
| 861|0x00000007aba00000, 0x00000007aba00000, 0x00000007abc00000|  0%| F|  |TAMS 0x00000007aba00000, 0x00000007aba00000| Untracked 
| 862|0x00000007abc00000, 0x00000007abc00000, 0x00000007abe00000|  0%| F|  |TAMS 0x00000007abc00000, 0x00000007abc00000| Untracked 
| 863|0x00000007abe00000, 0x00000007abe00000, 0x00000007ac000000|  0%| F|  |TAMS 0x00000007abe00000, 0x00000007abe00000| Untracked 
| 864|0x00000007ac000000, 0x00000007ac000000, 0x00000007ac200000|  0%| F|  |TAMS 0x00000007ac000000, 0x00000007ac000000| Untracked 
| 865|0x00000007ac200000, 0x00000007ac200000, 0x00000007ac400000|  0%| F|  |TAMS 0x00000007ac200000, 0x00000007ac200000| Untracked 
| 866|0x00000007ac400000, 0x00000007ac400000, 0x00000007ac600000|  0%| F|  |TAMS 0x00000007ac400000, 0x00000007ac400000| Untracked 
| 867|0x00000007ac600000, 0x00000007ac600000, 0x00000007ac800000|  0%| F|  |TAMS 0x00000007ac600000, 0x00000007ac600000| Untracked 
| 868|0x00000007ac800000, 0x00000007ac800000, 0x00000007aca00000|  0%| F|  |TAMS 0x00000007ac800000, 0x00000007ac800000| Untracked 
| 869|0x00000007aca00000, 0x00000007aca00000, 0x00000007acc00000|  0%| F|  |TAMS 0x00000007aca00000, 0x00000007aca00000| Untracked 
| 870|0x00000007acc00000, 0x00000007acc00000, 0x00000007ace00000|  0%| F|  |TAMS 0x00000007acc00000, 0x00000007acc00000| Untracked 
| 871|0x00000007ace00000, 0x00000007ace00000, 0x00000007ad000000|  0%| F|  |TAMS 0x00000007ace00000, 0x00000007ace00000| Untracked 
| 872|0x00000007ad000000, 0x00000007ad000000, 0x00000007ad200000|  0%| F|  |TAMS 0x00000007ad000000, 0x00000007ad000000| Untracked 
| 873|0x00000007ad200000, 0x00000007ad200000, 0x00000007ad400000|  0%| F|  |TAMS 0x00000007ad200000, 0x00000007ad200000| Untracked 
| 874|0x00000007ad400000, 0x00000007ad400000, 0x00000007ad600000|  0%| F|  |TAMS 0x00000007ad400000, 0x00000007ad400000| Untracked 
| 875|0x00000007ad600000, 0x00000007ad600000, 0x00000007ad800000|  0%| F|  |TAMS 0x00000007ad600000, 0x00000007ad600000| Untracked 
| 876|0x00000007ad800000, 0x00000007ad800000, 0x00000007ada00000|  0%| F|  |TAMS 0x00000007ad800000, 0x00000007ad800000| Untracked 
| 877|0x00000007ada00000, 0x00000007ada00000, 0x00000007adc00000|  0%| F|  |TAMS 0x00000007ada00000, 0x00000007ada00000| Untracked 
| 878|0x00000007adc00000, 0x00000007adc00000, 0x00000007ade00000|  0%| F|  |TAMS 0x00000007adc00000, 0x00000007adc00000| Untracked 
| 879|0x00000007ade00000, 0x00000007ade00000, 0x00000007ae000000|  0%| F|  |TAMS 0x00000007ade00000, 0x00000007ade00000| Untracked 
| 880|0x00000007ae000000, 0x00000007ae000000, 0x00000007ae200000|  0%| F|  |TAMS 0x00000007ae000000, 0x00000007ae000000| Untracked 
| 881|0x00000007ae200000, 0x00000007ae200000, 0x00000007ae400000|  0%| F|  |TAMS 0x00000007ae200000, 0x00000007ae200000| Untracked 
| 882|0x00000007ae400000, 0x00000007ae400000, 0x00000007ae600000|  0%| F|  |TAMS 0x00000007ae400000, 0x00000007ae400000| Untracked 
| 883|0x00000007ae600000, 0x00000007ae600000, 0x00000007ae800000|  0%| F|  |TAMS 0x00000007ae600000, 0x00000007ae600000| Untracked 
| 884|0x00000007ae800000, 0x00000007ae800000, 0x00000007aea00000|  0%| F|  |TAMS 0x00000007ae800000, 0x00000007ae800000| Untracked 
| 885|0x00000007aea00000, 0x00000007aea00000, 0x00000007aec00000|  0%| F|  |TAMS 0x00000007aea00000, 0x00000007aea00000| Untracked 
| 886|0x00000007aec00000, 0x00000007aec00000, 0x00000007aee00000|  0%| F|  |TAMS 0x00000007aec00000, 0x00000007aec00000| Untracked 
| 887|0x00000007aee00000, 0x00000007aee00000, 0x00000007af000000|  0%| F|  |TAMS 0x00000007aee00000, 0x00000007aee00000| Untracked 
| 888|0x00000007af000000, 0x00000007af000000, 0x00000007af200000|  0%| F|  |TAMS 0x00000007af000000, 0x00000007af000000| Untracked 
| 889|0x00000007af200000, 0x00000007af200000, 0x00000007af400000|  0%| F|  |TAMS 0x00000007af200000, 0x00000007af200000| Untracked 
| 890|0x00000007af400000, 0x00000007af400000, 0x00000007af600000|  0%| F|  |TAMS 0x00000007af400000, 0x00000007af400000| Untracked 
| 891|0x00000007af600000, 0x00000007af600000, 0x00000007af800000|  0%| F|  |TAMS 0x00000007af600000, 0x00000007af600000| Untracked 
| 892|0x00000007af800000, 0x00000007af800000, 0x00000007afa00000|  0%| F|  |TAMS 0x00000007af800000, 0x00000007af800000| Untracked 
| 893|0x00000007afa00000, 0x00000007afa00000, 0x00000007afc00000|  0%| F|  |TAMS 0x00000007afa00000, 0x00000007afa00000| Untracked 
| 894|0x00000007afc00000, 0x00000007afc00000, 0x00000007afe00000|  0%| F|  |TAMS 0x00000007afc00000, 0x00000007afc00000| Untracked 
| 895|0x00000007afe00000, 0x00000007afe00000, 0x00000007b0000000|  0%| F|  |TAMS 0x00000007afe00000, 0x00000007afe00000| Untracked 
| 896|0x00000007b0000000, 0x00000007b0000000, 0x00000007b0200000|  0%| F|  |TAMS 0x00000007b0000000, 0x00000007b0000000| Untracked 
| 897|0x00000007b0200000, 0x00000007b0200000, 0x00000007b0400000|  0%| F|  |TAMS 0x00000007b0200000, 0x00000007b0200000| Untracked 
| 898|0x00000007b0400000, 0x00000007b0400000, 0x00000007b0600000|  0%| F|  |TAMS 0x00000007b0400000, 0x00000007b0400000| Untracked 
| 899|0x00000007b0600000, 0x00000007b0600000, 0x00000007b0800000|  0%| F|  |TAMS 0x00000007b0600000, 0x00000007b0600000| Untracked 
| 900|0x00000007b0800000, 0x00000007b0800000, 0x00000007b0a00000|  0%| F|  |TAMS 0x00000007b0800000, 0x00000007b0800000| Untracked 
| 901|0x00000007b0a00000, 0x00000007b0a00000, 0x00000007b0c00000|  0%| F|  |TAMS 0x00000007b0a00000, 0x00000007b0a00000| Untracked 
| 902|0x00000007b0c00000, 0x00000007b0c00000, 0x00000007b0e00000|  0%| F|  |TAMS 0x00000007b0c00000, 0x00000007b0c00000| Untracked 
| 903|0x00000007b0e00000, 0x00000007b0e00000, 0x00000007b1000000|  0%| F|  |TAMS 0x00000007b0e00000, 0x00000007b0e00000| Untracked 
| 904|0x00000007b1000000, 0x00000007b1000000, 0x00000007b1200000|  0%| F|  |TAMS 0x00000007b1000000, 0x00000007b1000000| Untracked 
| 905|0x00000007b1200000, 0x00000007b1200000, 0x00000007b1400000|  0%| F|  |TAMS 0x00000007b1200000, 0x00000007b1200000| Untracked 
| 906|0x00000007b1400000, 0x00000007b1400000, 0x00000007b1600000|  0%| F|  |TAMS 0x00000007b1400000, 0x00000007b1400000| Untracked 
| 907|0x00000007b1600000, 0x00000007b1600000, 0x00000007b1800000|  0%| F|  |TAMS 0x00000007b1600000, 0x00000007b1600000| Untracked 
| 908|0x00000007b1800000, 0x00000007b1800000, 0x00000007b1a00000|  0%| F|  |TAMS 0x00000007b1800000, 0x00000007b1800000| Untracked 
| 909|0x00000007b1a00000, 0x00000007b1a00000, 0x00000007b1c00000|  0%| F|  |TAMS 0x00000007b1a00000, 0x00000007b1a00000| Untracked 
| 910|0x00000007b1c00000, 0x00000007b1c00000, 0x00000007b1e00000|  0%| F|  |TAMS 0x00000007b1c00000, 0x00000007b1c00000| Untracked 
| 911|0x00000007b1e00000, 0x00000007b1e00000, 0x00000007b2000000|  0%| F|  |TAMS 0x00000007b1e00000, 0x00000007b1e00000| Untracked 
| 912|0x00000007b2000000, 0x00000007b2000000, 0x00000007b2200000|  0%| F|  |TAMS 0x00000007b2000000, 0x00000007b2000000| Untracked 
| 913|0x00000007b2200000, 0x00000007b2200000, 0x00000007b2400000|  0%| F|  |TAMS 0x00000007b2200000, 0x00000007b2200000| Untracked 
| 914|0x00000007b2400000, 0x00000007b2400000, 0x00000007b2600000|  0%| F|  |TAMS 0x00000007b2400000, 0x00000007b2400000| Untracked 
| 915|0x00000007b2600000, 0x00000007b2600000, 0x00000007b2800000|  0%| F|  |TAMS 0x00000007b2600000, 0x00000007b2600000| Untracked 
| 916|0x00000007b2800000, 0x00000007b2a00000, 0x00000007b2a00000|100%| S|CS|TAMS 0x00000007b2800000, 0x00000007b2800000| Complete 
| 917|0x00000007b2a00000, 0x00000007b2c00000, 0x00000007b2c00000|100%| S|CS|TAMS 0x00000007b2a00000, 0x00000007b2a00000| Complete 
| 918|0x00000007b2c00000, 0x00000007b2e00000, 0x00000007b2e00000|100%| S|CS|TAMS 0x00000007b2c00000, 0x00000007b2c00000| Complete 
| 919|0x00000007b2e00000, 0x00000007b3000000, 0x00000007b3000000|100%| S|CS|TAMS 0x00000007b2e00000, 0x00000007b2e00000| Complete 
| 920|0x00000007b3000000, 0x00000007b3000000, 0x00000007b3200000|  0%| F|  |TAMS 0x00000007b3000000, 0x00000007b3000000| Untracked 
| 921|0x00000007b3200000, 0x00000007b3200000, 0x00000007b3400000|  0%| F|  |TAMS 0x00000007b3200000, 0x00000007b3200000| Untracked 
| 922|0x00000007b3400000, 0x00000007b3400000, 0x00000007b3600000|  0%| F|  |TAMS 0x00000007b3400000, 0x00000007b3400000| Untracked 
| 923|0x00000007b3600000, 0x00000007b3600000, 0x00000007b3800000|  0%| F|  |TAMS 0x00000007b3600000, 0x00000007b3600000| Untracked 
| 924|0x00000007b3800000, 0x00000007b3a00000, 0x00000007b3a00000|100%| S|CS|TAMS 0x00000007b3800000, 0x00000007b3800000| Complete 
| 925|0x00000007b3a00000, 0x00000007b3c00000, 0x00000007b3c00000|100%| S|CS|TAMS 0x00000007b3a00000, 0x00000007b3a00000| Complete 
| 926|0x00000007b3c00000, 0x00000007b3c00000, 0x00000007b3e00000|  0%| F|  |TAMS 0x00000007b3c00000, 0x00000007b3c00000| Untracked 
| 927|0x00000007b3e00000, 0x00000007b3e00000, 0x00000007b4000000|  0%| F|  |TAMS 0x00000007b3e00000, 0x00000007b3e00000| Untracked 
| 928|0x00000007b4000000, 0x00000007b4000000, 0x00000007b4200000|  0%| F|  |TAMS 0x00000007b4000000, 0x00000007b4000000| Untracked 
| 929|0x00000007b4200000, 0x00000007b4200000, 0x00000007b4400000|  0%| F|  |TAMS 0x00000007b4200000, 0x00000007b4200000| Untracked 
| 930|0x00000007b4400000, 0x00000007b4400000, 0x00000007b4600000|  0%| F|  |TAMS 0x00000007b4400000, 0x00000007b4400000| Untracked 
| 931|0x00000007b4600000, 0x00000007b4600000, 0x00000007b4800000|  0%| F|  |TAMS 0x00000007b4600000, 0x00000007b4600000| Untracked 
| 932|0x00000007b4800000, 0x00000007b4800000, 0x00000007b4a00000|  0%| F|  |TAMS 0x00000007b4800000, 0x00000007b4800000| Untracked 
| 933|0x00000007b4a00000, 0x00000007b4a00000, 0x00000007b4c00000|  0%| F|  |TAMS 0x00000007b4a00000, 0x00000007b4a00000| Untracked 
| 934|0x00000007b4c00000, 0x00000007b4c00000, 0x00000007b4e00000|  0%| F|  |TAMS 0x00000007b4c00000, 0x00000007b4c00000| Untracked 
| 935|0x00000007b4e00000, 0x00000007b4e00000, 0x00000007b5000000|  0%| F|  |TAMS 0x00000007b4e00000, 0x00000007b4e00000| Untracked 
| 936|0x00000007b5000000, 0x00000007b5000000, 0x00000007b5200000|  0%| F|  |TAMS 0x00000007b5000000, 0x00000007b5000000| Untracked 
| 937|0x00000007b5200000, 0x00000007b5200000, 0x00000007b5400000|  0%| F|  |TAMS 0x00000007b5200000, 0x00000007b5200000| Untracked 
| 938|0x00000007b5400000, 0x00000007b5400000, 0x00000007b5600000|  0%| F|  |TAMS 0x00000007b5400000, 0x00000007b5400000| Untracked 
| 939|0x00000007b5600000, 0x00000007b5600000, 0x00000007b5800000|  0%| F|  |TAMS 0x00000007b5600000, 0x00000007b5600000| Untracked 
| 940|0x00000007b5800000, 0x00000007b5800000, 0x00000007b5a00000|  0%| F|  |TAMS 0x00000007b5800000, 0x00000007b5800000| Untracked 
| 941|0x00000007b5a00000, 0x00000007b5a00000, 0x00000007b5c00000|  0%| F|  |TAMS 0x00000007b5a00000, 0x00000007b5a00000| Untracked 
| 942|0x00000007b5c00000, 0x00000007b5c00000, 0x00000007b5e00000|  0%| F|  |TAMS 0x00000007b5c00000, 0x00000007b5c00000| Untracked 
| 943|0x00000007b5e00000, 0x00000007b5e00000, 0x00000007b6000000|  0%| F|  |TAMS 0x00000007b5e00000, 0x00000007b5e00000| Untracked 
| 944|0x00000007b6000000, 0x00000007b6000000, 0x00000007b6200000|  0%| F|  |TAMS 0x00000007b6000000, 0x00000007b6000000| Untracked 
| 945|0x00000007b6200000, 0x00000007b6200000, 0x00000007b6400000|  0%| F|  |TAMS 0x00000007b6200000, 0x00000007b6200000| Untracked 
| 946|0x00000007b6400000, 0x00000007b6400000, 0x00000007b6600000|  0%| F|  |TAMS 0x00000007b6400000, 0x00000007b6400000| Untracked 
| 947|0x00000007b6600000, 0x00000007b6600000, 0x00000007b6800000|  0%| F|  |TAMS 0x00000007b6600000, 0x00000007b6600000| Untracked 
| 948|0x00000007b6800000, 0x00000007b6800000, 0x00000007b6a00000|  0%| F|  |TAMS 0x00000007b6800000, 0x00000007b6800000| Untracked 
| 949|0x00000007b6a00000, 0x00000007b6a00000, 0x00000007b6c00000|  0%| F|  |TAMS 0x00000007b6a00000, 0x00000007b6a00000| Untracked 
| 950|0x00000007b6c00000, 0x00000007b6c00000, 0x00000007b6e00000|  0%| F|  |TAMS 0x00000007b6c00000, 0x00000007b6c00000| Untracked 
| 951|0x00000007b6e00000, 0x00000007b6e00000, 0x00000007b7000000|  0%| F|  |TAMS 0x00000007b6e00000, 0x00000007b6e00000| Untracked 
| 952|0x00000007b7000000, 0x00000007b7000000, 0x00000007b7200000|  0%| F|  |TAMS 0x00000007b7000000, 0x00000007b7000000| Untracked 
| 953|0x00000007b7200000, 0x00000007b7200000, 0x00000007b7400000|  0%| F|  |TAMS 0x00000007b7200000, 0x00000007b7200000| Untracked 
| 954|0x00000007b7400000, 0x00000007b7400000, 0x00000007b7600000|  0%| F|  |TAMS 0x00000007b7400000, 0x00000007b7400000| Untracked 
| 955|0x00000007b7600000, 0x00000007b7600000, 0x00000007b7800000|  0%| F|  |TAMS 0x00000007b7600000, 0x00000007b7600000| Untracked 
| 956|0x00000007b7800000, 0x00000007b7800000, 0x00000007b7a00000|  0%| F|  |TAMS 0x00000007b7800000, 0x00000007b7800000| Untracked 
| 957|0x00000007b7a00000, 0x00000007b7a00000, 0x00000007b7c00000|  0%| F|  |TAMS 0x00000007b7a00000, 0x00000007b7a00000| Untracked 
| 958|0x00000007b7c00000, 0x00000007b7c00000, 0x00000007b7e00000|  0%| F|  |TAMS 0x00000007b7c00000, 0x00000007b7c00000| Untracked 
| 959|0x00000007b7e00000, 0x00000007b7e00000, 0x00000007b8000000|  0%| F|  |TAMS 0x00000007b7e00000, 0x00000007b7e00000| Untracked 
| 960|0x00000007b8000000, 0x00000007b8000000, 0x00000007b8200000|  0%| F|  |TAMS 0x00000007b8000000, 0x00000007b8000000| Untracked 
| 961|0x00000007b8200000, 0x00000007b8200000, 0x00000007b8400000|  0%| F|  |TAMS 0x00000007b8200000, 0x00000007b8200000| Untracked 
| 962|0x00000007b8400000, 0x00000007b8400000, 0x00000007b8600000|  0%| F|  |TAMS 0x00000007b8400000, 0x00000007b8400000| Untracked 
| 963|0x00000007b8600000, 0x00000007b8600000, 0x00000007b8800000|  0%| F|  |TAMS 0x00000007b8600000, 0x00000007b8600000| Untracked 
| 964|0x00000007b8800000, 0x00000007b8800000, 0x00000007b8a00000|  0%| F|  |TAMS 0x00000007b8800000, 0x00000007b8800000| Untracked 
| 965|0x00000007b8a00000, 0x00000007b8a00000, 0x00000007b8c00000|  0%| F|  |TAMS 0x00000007b8a00000, 0x00000007b8a00000| Untracked 
| 966|0x00000007b8c00000, 0x00000007b8c00000, 0x00000007b8e00000|  0%| F|  |TAMS 0x00000007b8c00000, 0x00000007b8c00000| Untracked 
| 967|0x00000007b8e00000, 0x00000007b8e00000, 0x00000007b9000000|  0%| F|  |TAMS 0x00000007b8e00000, 0x00000007b8e00000| Untracked 

Card table byte_map: [0x00000185c90c0000,0x00000185c96c0000] _byte_map_base: 0x00000185c56c0000

Marking Bits (Prev, Next): (CMBitMap*) 0x00000185b2205f70, (CMBitMap*) 0x00000185b2205fb0
 Prev Bits: [0x00000185c9cc0000, 0x00000185cccc0000)
 Next Bits: [0x00000185cccc0000, 0x00000185cfcc0000)

Polling page: 0x00000185b0160000

Metaspace:

Usage:
  Non-class:    163.78 MB used.
      Class:     24.34 MB used.
       Both:    188.13 MB used.

Virtual space:
  Non-class space:      192.00 MB reserved,     165.31 MB ( 86%) committed,  3 nodes.
      Class space:      832.00 MB reserved,      25.81 MB (  3%) committed,  1 nodes.
             Both:        1.00 GB reserved,     191.12 MB ( 19%) committed. 

Chunk freelists:
   Non-Class:  10.30 MB
       Class:  6.35 MB
        Both:  16.65 MB

MaxMetaspaceSize: 1.00 GB
CompressedClassSpaceSize: 832.00 MB
Initial GC threshold: 21.00 MB
Current GC threshold: 317.81 MB
CDS: on
MetaspaceReclaimPolicy: balanced
 - commit_granule_bytes: 65536.
 - commit_granule_words: 8192.
 - virtual_space_node_default_size: 8388608.
 - enlarge_chunks_in_place: 1.
 - new_chunks_are_fully_committed: 0.
 - uncommit_free_chunks: 1.
 - use_allocation_guard: 0.
 - handle_deallocations: 1.


Internal statistics:

num_allocs_failed_limit: 18.
num_arena_births: 4610.
num_arena_deaths: 50.
num_vsnodes_births: 4.
num_vsnodes_deaths: 0.
num_space_committed: 3116.
num_space_uncommitted: 60.
num_chunks_returned_to_freelist: 339.
num_chunks_taken_from_freelist: 14162.
num_chunk_merges: 111.
num_chunk_splits: 8829.
num_chunks_enlarged: 5201.
num_inconsistent_stats: 0.

CodeHeap 'non-profiled nmethods': size=120000Kb used=46617Kb max_used=47057Kb free=73382Kb
 bounds [0x00000185c1590000, 0x00000185c4390000, 0x00000185c8ac0000]
CodeHeap 'profiled nmethods': size=120000Kb used=71370Kb max_used=74501Kb free=48629Kb
 bounds [0x00000185b9ac0000, 0x00000185be4a0000, 0x00000185c0ff0000]
CodeHeap 'non-nmethods': size=5760Kb used=2626Kb max_used=2707Kb free=3133Kb
 bounds [0x00000185c0ff0000, 0x00000185c12b0000, 0x00000185c1590000]
 total_blobs=38312 nmethods=37133 adapters=1088
 compilation: enabled
              stopped_count=0, restarted_count=0
 full_count=0

Compilation events (20 events):
Event: 713.161 Thread 0x00000185d2195930 nmethod 54802 0x00000185c3b96610 code [0x00000185c3b967a0, 0x00000185c3b96978]
Event: 713.163 Thread 0x00000185d21abc00 54803 % !   3       java.util.concurrent.ForkJoinPool$WorkQueue::growArray @ 88 (136 bytes)
Event: 713.168 Thread 0x00000185d21abc00 nmethod 54803% 0x00000185bc045010 code [0x00000185bc045360, 0x00000185bc046e18]
Event: 713.182 Thread 0x00000185d2195930 54804   !   4       com.android.tools.r8.internal.st0::forEach (123 bytes)
Event: 713.199 Thread 0x00000185d2195930 nmethod 54804 0x00000185c3b95690 code [0x00000185c3b958a0, 0x00000185c3b95f90]
Event: 713.199 Thread 0x00000185d2195930 54805       4       com.android.tools.r8.internal.et0::a (67 bytes)
Event: 713.242 Thread 0x00000185d2195930 nmethod 54805 0x00000185c3da3e90 code [0x00000185c3da4140, 0x00000185c3da57d0]
Event: 713.242 Thread 0x00000185d2195930 54807       4       java.util.zip.InflaterInputStream::fill (60 bytes)
Event: 713.246 Thread 0x00000185d2195930 nmethod 54807 0x00000185c3bc5910 code [0x00000185c3bc5aa0, 0x00000185c3bc5ed8]
Event: 713.246 Thread 0x00000185d2195930 54806       4       com.android.builder.files.RelativeFile::<init> (37 bytes)
Event: 713.249 Thread 0x00000185d2195930 nmethod 54806 0x00000185c3b95090 code [0x00000185c3b95200, 0x00000185c3b95578]
Event: 713.261 Thread 0x00000185d2195930 54808       4       com.android.tools.build.apkzlib.zip.StoredEntry::<init> (364 bytes)
Event: 713.266 Thread 0x00000185d21abc00 54809       3       com.google.common.collect.ImmutableSet$Builder::<init> (31 bytes)
Event: 713.270 Thread 0x00000185d21abc00 nmethod 54809 0x00000185bcb8f910 code [0x00000185bcb8fb00, 0x00000185bcb90118]
Event: 713.270 Thread 0x00000185d21abc00 54810       3       com.google.common.collect.ImmutableSet$EmptySetBuilderImpl::instance (4 bytes)
Event: 713.271 Thread 0x00000185d21abc00 nmethod 54810 0x00000185bc8fe390 code [0x00000185bc8fe520, 0x00000185bc8fe618]
Event: 713.326 Thread 0x00000185d2195930 nmethod 54808 0x00000185c3049f10 code [0x00000185c304a200, 0x00000185c304be80]
Event: 714.122 Thread 0x00000185d2195930 54811       4       com.android.tools.r8.graph.O0::a (10 bytes)
Event: 714.125 Thread 0x00000185d2195930 nmethod 54811 0x00000185c3bc5410 code [0x00000185c3bc55a0, 0x00000185c3bc5738]
Event: 714.156 Thread 0x00000185d2195930 54812       4       com.android.tools.r8.graph.D5::a (133 bytes)

GC Heap History (20 events):
Event: 691.346 GC heap after
{Heap after GC invocations=203 (full 0):
 garbage-first heap   total 1982464K, used 775510K [0x0000000740000000, 0x0000000800000000)
  region size 2048K, 2 young (4096K), 2 survivors (4096K)
 Metaspace       used 190603K, committed 195264K, reserved 1048576K
  class space    used 24661K, committed 26432K, reserved 851968K
}
Event: 693.836 GC heap before
{Heap before GC invocations=203 (full 0):
 garbage-first heap   total 1982464K, used 1008982K [0x0000000740000000, 0x0000000800000000)
  region size 2048K, 111 young (227328K), 2 survivors (4096K)
 Metaspace       used 190603K, committed 195264K, reserved 1048576K
  class space    used 24661K, committed 26432K, reserved 851968K
}
Event: 693.881 GC heap after
{Heap after GC invocations=204 (full 0):
 garbage-first heap   total 1982464K, used 757478K [0x0000000740000000, 0x0000000800000000)
  region size 2048K, 3 young (6144K), 3 survivors (6144K)
 Metaspace       used 190603K, committed 195264K, reserved 1048576K
  class space    used 24661K, committed 26432K, reserved 851968K
}
Event: 696.857 GC heap before
{Heap before GC invocations=204 (full 0):
 garbage-first heap   total 1982464K, used 1023718K [0x0000000740000000, 0x0000000800000000)
  region size 2048K, 134 young (274432K), 3 survivors (6144K)
 Metaspace       used 190610K, committed 195264K, reserved 1048576K
  class space    used 24661K, committed 26432K, reserved 851968K
}
Event: 696.870 GC heap after
{Heap after GC invocations=205 (full 0):
 garbage-first heap   total 1982464K, used 761853K [0x0000000740000000, 0x0000000800000000)
  region size 2048K, 5 young (10240K), 5 survivors (10240K)
 Metaspace       used 190610K, committed 195264K, reserved 1048576K
  class space    used 24661K, committed 26432K, reserved 851968K
}
Event: 698.499 GC heap before
{Heap before GC invocations=205 (full 0):
 garbage-first heap   total 1982464K, used 1263613K [0x0000000740000000, 0x0000000800000000)
  region size 2048K, 238 young (487424K), 5 survivors (10240K)
 Metaspace       used 190643K, committed 195264K, reserved 1048576K
  class space    used 24666K, committed 26432K, reserved 851968K
}
Event: 698.511 GC heap after
{Heap after GC invocations=206 (full 0):
 garbage-first heap   total 1982464K, used 788584K [0x0000000740000000, 0x0000000800000000)
  region size 2048K, 6 young (12288K), 6 survivors (12288K)
 Metaspace       used 190643K, committed 195264K, reserved 1048576K
  class space    used 24666K, committed 26432K, reserved 851968K
}
Event: 705.771 GC heap before
{Heap before GC invocations=206 (full 0):
 garbage-first heap   total 1982464K, used 1687656K [0x0000000740000000, 0x0000000800000000)
  region size 2048K, 409 young (837632K), 6 survivors (12288K)
 Metaspace       used 192196K, committed 195328K, reserved 1048576K
  class space    used 24885K, committed 26432K, reserved 851968K
}
Event: 706.764 GC heap after
{Heap after GC invocations=207 (full 0):
 garbage-first heap   total 1982464K, used 952031K [0x0000000740000000, 0x0000000800000000)
  region size 2048K, 52 young (106496K), 52 survivors (106496K)
 Metaspace       used 192196K, committed 195328K, reserved 1048576K
  class space    used 24885K, committed 26432K, reserved 851968K
}
Event: 707.094 GC heap before
{Heap before GC invocations=207 (full 0):
 garbage-first heap   total 1982464K, used 964319K [0x0000000740000000, 0x0000000800000000)
  region size 2048K, 58 young (118784K), 52 survivors (106496K)
 Metaspace       used 192207K, committed 195328K, reserved 1048576K
  class space    used 24885K, committed 26432K, reserved 851968K
}
Event: 707.524 GC heap after
{Heap after GC invocations=208 (full 0):
 garbage-first heap   total 1982464K, used 957421K [0x0000000740000000, 0x0000000800000000)
  region size 2048K, 2 young (4096K), 2 survivors (4096K)
 Metaspace       used 192207K, committed 195328K, reserved 1048576K
  class space    used 24885K, committed 26432K, reserved 851968K
}
Event: 708.565 GC heap before
{Heap before GC invocations=208 (full 0):
 garbage-first heap   total 1982464K, used 1049581K [0x0000000740000000, 0x0000000800000000)
  region size 2048K, 48 young (98304K), 2 survivors (4096K)
 Metaspace       used 192315K, committed 195392K, reserved 1048576K
  class space    used 24889K, committed 26432K, reserved 851968K
}
Event: 708.603 GC heap after
{Heap after GC invocations=209 (full 0):
 garbage-first heap   total 1982464K, used 964589K [0x0000000740000000, 0x0000000800000000)
  region size 2048K, 6 young (12288K), 6 survivors (12288K)
 Metaspace       used 192315K, committed 195392K, reserved 1048576K
  class space    used 24889K, committed 26432K, reserved 851968K
}
Event: 710.543 GC heap before
{Heap before GC invocations=209 (full 0):
 garbage-first heap   total 1982464K, used 1054701K [0x0000000740000000, 0x0000000800000000)
  region size 2048K, 48 young (98304K), 6 survivors (12288K)
 Metaspace       used 192469K, committed 195520K, reserved 1048576K
  class space    used 24909K, committed 26432K, reserved 851968K
}
Event: 710.664 GC heap after
{Heap after GC invocations=210 (full 0):
 garbage-first heap   total 1982464K, used 978102K [0x0000000740000000, 0x0000000800000000)
  region size 2048K, 5 young (10240K), 5 survivors (10240K)
 Metaspace       used 192469K, committed 195520K, reserved 1048576K
  class space    used 24909K, committed 26432K, reserved 851968K
}
Event: 712.036 GC heap before
{Heap before GC invocations=210 (full 0):
 garbage-first heap   total 1982464K, used 1068214K [0x0000000740000000, 0x0000000800000000)
  region size 2048K, 48 young (98304K), 5 survivors (10240K)
 Metaspace       used 192540K, committed 195584K, reserved 1048576K
  class space    used 24916K, committed 26432K, reserved 851968K
}
Event: 712.414 GC heap after
{Heap after GC invocations=211 (full 0):
 garbage-first heap   total 1982464K, used 988747K [0x0000000740000000, 0x0000000800000000)
  region size 2048K, 4 young (8192K), 4 survivors (8192K)
 Metaspace       used 192540K, committed 195584K, reserved 1048576K
  class space    used 24916K, committed 26432K, reserved 851968K
}
Event: 713.488 GC heap before
{Heap before GC invocations=211 (full 0):
 garbage-first heap   total 1982464K, used 1087051K [0x0000000740000000, 0x0000000800000000)
  region size 2048K, 48 young (98304K), 4 survivors (8192K)
 Metaspace       used 192628K, committed 195648K, reserved 1048576K
  class space    used 24925K, committed 26432K, reserved 851968K
}
Event: 713.657 GC heap after
{Heap after GC invocations=212 (full 0):
 garbage-first heap   total 1982464K, used 1008621K [0x0000000740000000, 0x0000000800000000)
  region size 2048K, 6 young (12288K), 6 survivors (12288K)
 Metaspace       used 192628K, committed 195648K, reserved 1048576K
  class space    used 24925K, committed 26432K, reserved 851968K
}
Event: 714.212 GC heap before
{Heap before GC invocations=212 (full 0):
 garbage-first heap   total 1982464K, used 1098733K [0x0000000740000000, 0x0000000800000000)
  region size 2048K, 48 young (98304K), 6 survivors (12288K)
 Metaspace       used 192644K, committed 195712K, reserved 1048576K
  class space    used 24929K, committed 26432K, reserved 851968K
}

Deoptimization events (20 events):
Event: 710.495 Thread 0x000001861857a0f0 DEOPT PACKING pc=0x00000185c25e0340 sp=0x000000070eafd560
Event: 710.495 Thread 0x000001861857a0f0 DEOPT UNPACKING pc=0x00000185c1045ba3 sp=0x000000070eafd518 mode 2
Event: 710.502 Thread 0x000001861857a0f0 Uncommon trap: trap_request=0xffffffc6 fr.pc=0x00000185c25e0340 relative=0x0000000000000580
Event: 710.502 Thread 0x000001861857a0f0 Uncommon trap: reason=bimorphic_or_optimized_type_check action=maybe_recompile pc=0x00000185c25e0340 method=java.util.zip.InflaterInputStream.fill()V @ 19 c2
Event: 710.502 Thread 0x000001861857a0f0 DEOPT PACKING pc=0x00000185c25e0340 sp=0x000000070eafd560
Event: 710.502 Thread 0x000001861857a0f0 DEOPT UNPACKING pc=0x00000185c1045ba3 sp=0x000000070eafd518 mode 2
Event: 711.787 Thread 0x0000018610ec8e00 Uncommon trap: trap_request=0xffffffc6 fr.pc=0x00000185c2ec4f74 relative=0x0000000000000c14
Event: 711.787 Thread 0x0000018610ec8e00 Uncommon trap: reason=bimorphic_or_optimized_type_check action=maybe_recompile pc=0x00000185c2ec4f74 method=java.util.HashMap$ValueSpliterator.forEachRemaining(Ljava/util/function/Consumer;)V @ 145 c2
Event: 711.787 Thread 0x0000018610ec8e00 DEOPT PACKING pc=0x00000185c2ec4f74 sp=0x000000070eef98e0
Event: 711.793 Thread 0x0000018610ec8e00 DEOPT UNPACKING pc=0x00000185c1045ba3 sp=0x000000070eef98c8 mode 2
Event: 711.798 Thread 0x0000018610ec8e00 Uncommon trap: trap_request=0xffffffc6 fr.pc=0x00000185c43846e8 relative=0x0000000000000fa8
Event: 711.798 Thread 0x0000018610ec8e00 Uncommon trap: reason=bimorphic_or_optimized_type_check action=maybe_recompile pc=0x00000185c43846e8 method=com.google.common.collect.RegularImmutableMap.fromEntryArray(I[Ljava/util/Map$Entry;)Lcom/google/common/collect/ImmutableMap; @ 75 c2
Event: 711.798 Thread 0x0000018610ec8e00 DEOPT PACKING pc=0x00000185c43846e8 sp=0x000000070eef99b0
Event: 711.798 Thread 0x0000018610ec8e00 DEOPT UNPACKING pc=0x00000185c1045ba3 sp=0x000000070eef9960 mode 2
Event: 712.482 Thread 0x000001861017b0b0 DEOPT PACKING pc=0x00000185bd5a6ef9 sp=0x0000000710efdc50
Event: 712.482 Thread 0x000001861017b0b0 DEOPT UNPACKING pc=0x00000185c10466e3 sp=0x0000000710efd1e0 mode 0
Event: 713.182 Thread 0x000001861017b0b0 DEOPT PACKING pc=0x00000185bdbb67c4 sp=0x0000000710efd9c0
Event: 713.182 Thread 0x000001861017b0b0 DEOPT UNPACKING pc=0x00000185c10466e3 sp=0x0000000710efce70 mode 0
Event: 713.183 Thread 0x000001861017b0b0 DEOPT PACKING pc=0x00000185bd30da1c sp=0x0000000710efda20
Event: 713.183 Thread 0x000001861017b0b0 DEOPT UNPACKING pc=0x00000185c10466e3 sp=0x0000000710efcf00 mode 0

Classes unloaded (20 events):
Event: 684.129 Thread 0x00000185d21744e0 Unloading class 0x00000185d55ca930 'jdk/internal/jimage/ImageReader$Resource'
Event: 684.129 Thread 0x00000185d21744e0 Unloading class 0x00000185d55ca6c8 'jdk/internal/jimage/ImageReader$LinkNode'
Event: 684.129 Thread 0x00000185d21744e0 Unloading class 0x00000185d55ca460 'jdk/internal/jimage/ImageReader$Directory'
Event: 684.129 Thread 0x00000185d21744e0 Unloading class 0x00000185d55ca1f8 'jdk/internal/jimage/ImageReader$Node'
Event: 684.129 Thread 0x00000185d21744e0 Unloading class 0x00000185d55ca000 'jdk/internal/jimage/ImageStrings'
Event: 684.129 Thread 0x00000185d21744e0 Unloading class 0x00000185d55c9b50 'jdk/internal/jimage/ImageReader$SharedImageReader'
Event: 684.129 Thread 0x00000185d21744e0 Unloading class 0x00000185d55c9890 'jdk/internal/jimage/BasicImageReader'
Event: 684.129 Thread 0x00000185d21744e0 Unloading class 0x00000185d55c9670 'jdk/internal/jimage/ImageReader'
Event: 684.129 Thread 0x00000185d21744e0 Unloading class 0x00000185d55c9448 'jdk/internal/jrtfs/SystemImage$2'
Event: 684.129 Thread 0x00000185d21744e0 Unloading class 0x00000185d55c9230 'jdk/internal/jrtfs/SystemImage$$Lambda$3095+0x00000185d55c9230'
Event: 684.129 Thread 0x00000185d21744e0 Unloading class 0x00000185d55c9000 'jdk/internal/jrtfs/ExplodedImage'
Event: 684.130 Thread 0x00000185d21744e0 Unloading class 0x00000185d55c8dc8 'jdk/internal/jrtfs/SystemImage$1'
Event: 684.130 Thread 0x00000185d21744e0 Unloading class 0x00000185d55c8bb0 'jdk/internal/jrtfs/SystemImage'
Event: 684.130 Thread 0x00000185d21744e0 Unloading class 0x00000185d55c8950 'jdk/internal/jrtfs/JrtFileStore'
Event: 684.130 Thread 0x00000185d21744e0 Unloading class 0x00000185d55c85d8 'jdk/internal/jrtfs/JrtPath'
Event: 684.130 Thread 0x00000185d21744e0 Unloading class 0x00000185d55c82e0 'jdk/internal/jrtfs/JrtFileSystem'
Event: 684.130 Thread 0x00000185d21744e0 Unloading class 0x00000185d55c8000 'jdk/internal/jrtfs/JrtFileSystemProvider'
Event: 684.130 Thread 0x00000185d21744e0 Unloading class 0x00000185d542c800 'java/lang/invoke/LambdaForm$DMH+0x00000185d542c800'
Event: 684.130 Thread 0x00000185d21744e0 Unloading class 0x00000185d542c400 'java/lang/invoke/LambdaForm$DMH+0x00000185d542c400'
Event: 684.130 Thread 0x00000185d21744e0 Unloading class 0x00000185d52ac400 'java/lang/invoke/LambdaForm$DMH+0x00000185d52ac400'

Classes redefined (0 events):
No events

Internal exceptions (20 events):
Event: 710.505 Thread 0x0000018610ec8e00 Exception <a 'sun/nio/fs/WindowsException'{0x00000007b3e827d8}> (0x00000007b3e827d8) 
thrown [s\open\src\hotspot\share\prims\jni.cpp, line 516]
Event: 710.506 Thread 0x0000018610ec8e00 Exception <a 'sun/nio/fs/WindowsException'{0x00000007b3e857d8}> (0x00000007b3e857d8) 
thrown [s\open\src\hotspot\share\prims\jni.cpp, line 516]
Event: 710.506 Thread 0x0000018610ec8e00 Exception <a 'sun/nio/fs/WindowsException'{0x00000007b3e88690}> (0x00000007b3e88690) 
thrown [s\open\src\hotspot\share\prims\jni.cpp, line 516]
Event: 710.511 Thread 0x0000018610ec8e00 Exception <a 'sun/nio/fs/WindowsException'{0x00000007b3fc8958}> (0x00000007b3fc8958) 
thrown [s\open\src\hotspot\share\prims\jni.cpp, line 516]
Event: 710.511 Thread 0x0000018610ec8e00 Exception <a 'sun/nio/fs/WindowsException'{0x00000007b3fc8b70}> (0x00000007b3fc8b70) 
thrown [s\open\src\hotspot\share\prims\jni.cpp, line 516]
Event: 710.512 Thread 0x0000018610ec8e00 Exception <a 'sun/nio/fs/WindowsException'{0x00000007b3fcb178}> (0x00000007b3fcb178) 
thrown [s\open\src\hotspot\share\prims\jni.cpp, line 516]
Event: 710.512 Thread 0x0000018610ec8e00 Exception <a 'sun/nio/fs/WindowsException'{0x00000007b3fcd238}> (0x00000007b3fcd238) 
thrown [s\open\src\hotspot\share\prims\jni.cpp, line 516]
Event: 710.512 Thread 0x0000018610ec8e00 Exception <a 'sun/nio/fs/WindowsException'{0x00000007b3fcd3d8}> (0x00000007b3fcd3d8) 
thrown [s\open\src\hotspot\share\prims\jni.cpp, line 516]
Event: 710.513 Thread 0x0000018610ec8e00 Exception <a 'sun/nio/fs/WindowsException'{0x00000007b3fcf648}> (0x00000007b3fcf648) 
thrown [s\open\src\hotspot\share\prims\jni.cpp, line 516]
Event: 710.513 Thread 0x0000018610ec8e00 Exception <a 'sun/nio/fs/WindowsException'{0x00000007b3fd09f8}> (0x00000007b3fd09f8) 
thrown [s\open\src\hotspot\share\prims\jni.cpp, line 516]
Event: 710.513 Thread 0x0000018610ec8e00 Exception <a 'sun/nio/fs/WindowsException'{0x00000007b3fd1c10}> (0x00000007b3fd1c10) 
thrown [s\open\src\hotspot\share\prims\jni.cpp, line 516]
Event: 710.513 Thread 0x0000018610ec8e00 Exception <a 'sun/nio/fs/WindowsException'{0x00000007b3fd2f00}> (0x00000007b3fd2f00) 
thrown [s\open\src\hotspot\share\prims\jni.cpp, line 516]
Event: 710.513 Thread 0x0000018610ec8e00 Exception <a 'sun/nio/fs/WindowsException'{0x00000007b3fd46f0}> (0x00000007b3fd46f0) 
thrown [s\open\src\hotspot\share\prims\jni.cpp, line 516]
Event: 710.513 Thread 0x0000018610ec8e00 Exception <a 'sun/nio/fs/WindowsException'{0x00000007b3fd4890}> (0x00000007b3fd4890) 
thrown [s\open\src\hotspot\share\prims\jni.cpp, line 516]
Event: 710.513 Thread 0x0000018610ec8e00 Exception <a 'sun/nio/fs/WindowsException'{0x00000007b3fd6ae8}> (0x00000007b3fd6ae8) 
thrown [s\open\src\hotspot\share\prims\jni.cpp, line 516]
Event: 710.513 Thread 0x0000018610ec8e00 Exception <a 'sun/nio/fs/WindowsException'{0x00000007b3fd7e60}> (0x00000007b3fd7e60) 
thrown [s\open\src\hotspot\share\prims\jni.cpp, line 516]
Event: 710.513 Thread 0x0000018610ec8e00 Exception <a 'sun/nio/fs/WindowsException'{0x00000007b3fd9060}> (0x00000007b3fd9060) 
thrown [s\open\src\hotspot\share\prims\jni.cpp, line 516]
Event: 710.513 Thread 0x0000018610ec8e00 Exception <a 'sun/nio/fs/WindowsException'{0x00000007b3fda328}> (0x00000007b3fda328) 
thrown [s\open\src\hotspot\share\prims\jni.cpp, line 516]
Event: 710.515 Thread 0x0000018610ec8e00 Exception <a 'sun/nio/fs/WindowsException'{0x00000007b3fdc450}> (0x00000007b3fdc450) 
thrown [s\open\src\hotspot\share\prims\jni.cpp, line 516]
Event: 710.515 Thread 0x0000018610ec8e00 Exception <a 'sun/nio/fs/WindowsException'{0x00000007b3fdc5e8}> (0x00000007b3fdc5e8) 
thrown [s\open\src\hotspot\share\prims\jni.cpp, line 516]

VM Operations (20 events):
Event: 705.217 Executing VM operation: Cleanup done
Event: 705.769 Executing VM operation: G1CollectForAllocation
Event: 706.765 Executing VM operation: G1CollectForAllocation done
Event: 707.091 Executing VM operation: G1CollectForAllocation
Event: 707.526 Executing VM operation: G1CollectForAllocation done
Event: 708.318 Executing VM operation: HandshakeAllThreads
Event: 708.339 Executing VM operation: HandshakeAllThreads done
Event: 708.565 Executing VM operation: G1CollectForAllocation
Event: 708.606 Executing VM operation: G1CollectForAllocation done
Event: 709.606 Executing VM operation: Cleanup
Event: 709.613 Executing VM operation: Cleanup done
Event: 710.081 Executing VM operation: HandshakeAllThreads
Event: 710.128 Executing VM operation: HandshakeAllThreads done
Event: 710.539 Executing VM operation: G1CollectForAllocation
Event: 710.667 Executing VM operation: G1CollectForAllocation done
Event: 711.931 Executing VM operation: G1CollectForAllocation
Event: 712.414 Executing VM operation: G1CollectForAllocation done
Event: 713.484 Executing VM operation: G1CollectForAllocation
Event: 713.657 Executing VM operation: G1CollectForAllocation done
Event: 714.205 Executing VM operation: G1CollectForAllocation

Events (20 events):
Event: 710.240 Thread 0x00000185d21c4cd0 flushing nmethod 0x00000185bddc9d10
Event: 710.240 Thread 0x00000185d21c4cd0 flushing nmethod 0x00000185bdddde90
Event: 710.240 Thread 0x00000185d21c4cd0 flushing nmethod 0x00000185bddfcf90
Event: 710.240 Thread 0x00000185d21c4cd0 flushing nmethod 0x00000185bde00f90
Event: 710.240 Thread 0x00000185d21c4cd0 flushing nmethod 0x00000185bde06c10
Event: 710.240 Thread 0x00000185d21c4cd0 flushing nmethod 0x00000185bde0f590
Event: 710.240 Thread 0x00000185d21c4cd0 flushing nmethod 0x00000185bde17a90
Event: 710.241 Thread 0x00000185d21c4cd0 flushing nmethod 0x00000185bde57a10
Event: 710.242 Thread 0x00000185d21c4cd0 flushing nmethod 0x00000185bdf25c90
Event: 710.242 Thread 0x00000185d21c4cd0 flushing nmethod 0x00000185bdf84a90
Event: 710.242 Thread 0x00000185d21c4cd0 flushing nmethod 0x00000185bdfd4710
Event: 710.243 Thread 0x00000185d21c4cd0 flushing nmethod 0x00000185be089090
Event: 710.243 Thread 0x00000185d21c4cd0 flushing nmethod 0x00000185be0cb710
Event: 710.243 Thread 0x00000185d21c4cd0 flushing nmethod 0x00000185be0d3310
Event: 710.244 Thread 0x00000185d21c4cd0 flushing nmethod 0x00000185be11c810
Event: 710.244 Thread 0x00000185d21c4cd0 flushing nmethod 0x00000185be132910
Event: 710.244 Thread 0x00000185d21c4cd0 flushing nmethod 0x00000185be1a3810
Event: 710.245 Thread 0x00000185d21c4cd0 flushing nmethod 0x00000185be2e8010
Event: 710.245 Thread 0x00000185d21c4cd0 flushing nmethod 0x00000185be318f10
Event: 710.245 Thread 0x00000185d21c4cd0 flushing nmethod 0x00000185be333490


Dynamic libraries:
0x00007ff69c8e0000 - 0x00007ff69c8f0000 	C:\Program Files\Java\jdk-17\bin\java.exe
0x00007ffd3a160000 - 0x00007ffd3a3c6000 	C:\WINDOWS\SYSTEM32\ntdll.dll
0x00007ffd387e0000 - 0x00007ffd388a9000 	C:\WINDOWS\System32\KERNEL32.DLL
0x00007ffd37990000 - 0x00007ffd37d8e000 	C:\WINDOWS\System32\KERNELBASE.dll
0x00007ffd37700000 - 0x00007ffd3784c000 	C:\WINDOWS\System32\ucrtbase.dll
0x00007ffcfafc0000 - 0x00007ffcfafd9000 	C:\Program Files\Java\jdk-17\bin\jli.dll
0x00007ffd0db90000 - 0x00007ffd0dbab000 	C:\Program Files\Java\jdk-17\bin\VCRUNTIME140.dll
0x00007ffd39990000 - 0x00007ffd39a47000 	C:\WINDOWS\System32\ADVAPI32.dll
0x00007ffd384d0000 - 0x00007ffd38579000 	C:\WINDOWS\System32\msvcrt.dll
0x00007ffd383f0000 - 0x00007ffd3849a000 	C:\WINDOWS\System32\sechost.dll
0x00007ffd386c0000 - 0x00007ffd387d8000 	C:\WINDOWS\System32\RPCRT4.dll
0x00007ffd388b0000 - 0x00007ffd38a77000 	C:\WINDOWS\System32\USER32.dll
0x00007ffd37da0000 - 0x00007ffd37dc7000 	C:\WINDOWS\System32\win32u.dll
0x00007ffd15360000 - 0x00007ffd155f2000 	C:\WINDOWS\WinSxS\amd64_microsoft.windows.common-controls_6595b64144ccf1df_6.0.26100.8875_none_3e0d5d42e32fe9dd\COMCTL32.dll
0x00007ffd37e90000 - 0x00007ffd37ebb000 	C:\WINDOWS\System32\GDI32.dll
0x00007ffd37860000 - 0x00007ffd3798a000 	C:\WINDOWS\System32\gdi32full.dll
0x00007ffd37380000 - 0x00007ffd37423000 	C:\WINDOWS\System32\msvcp_win.dll
0x00007ffd23210000 - 0x00007ffd2321b000 	C:\WINDOWS\SYSTEM32\VERSION.dll
0x00007ffd39ae0000 - 0x00007ffd39b12000 	C:\WINDOWS\System32\IMM32.DLL
0x00007ffd2e660000 - 0x00007ffd2e66c000 	C:\Program Files\Java\jdk-17\bin\vcruntime140_1.dll
0x00007ffc6def0000 - 0x00007ffc6df7e000 	C:\Program Files\Java\jdk-17\bin\msvcp140.dll
0x00007ffc3ef20000 - 0x00007ffc3fb00000 	C:\Program Files\Java\jdk-17\bin\server\jvm.dll
0x00007ffd3a110000 - 0x00007ffd3a118000 	C:\WINDOWS\System32\PSAPI.DLL
0x00007ffcf3a20000 - 0x00007ffcf3a2a000 	C:\WINDOWS\SYSTEM32\WSOCK32.dll
0x00007ffd39900000 - 0x00007ffd39980000 	C:\WINDOWS\System32\WS2_32.dll
0x00007ffd2b480000 - 0x00007ffd2b4b6000 	C:\WINDOWS\SYSTEM32\WINMM.dll
0x00007ffd36060000 - 0x00007ffd3607b000 	C:\WINDOWS\SYSTEM32\kernel.appcore.dll
0x00007ffd17180000 - 0x00007ffd1718a000 	C:\Program Files\Java\jdk-17\bin\jimage.dll
0x00007ffd34aa0000 - 0x00007ffd34ce2000 	C:\WINDOWS\SYSTEM32\DBGHELP.DLL
0x00007ffd38a80000 - 0x00007ffd38e03000 	C:\WINDOWS\System32\combase.dll
0x00007ffd38130000 - 0x00007ffd38209000 	C:\WINDOWS\System32\OLEAUT32.dll
0x00007ffd12b90000 - 0x00007ffd12bcb000 	C:\WINDOWS\SYSTEM32\dbgcore.DLL
0x00007ffd375b0000 - 0x00007ffd3765c000 	C:\WINDOWS\System32\bcryptPrimitives.dll
0x00007ffd0dc70000 - 0x00007ffd0dc7e000 	C:\Program Files\Java\jdk-17\bin\instrument.dll
0x00007ffc9e720000 - 0x00007ffc9e745000 	C:\Program Files\Java\jdk-17\bin\java.dll
0x00007ffc6cce0000 - 0x00007ffc6cdb7000 	C:\Program Files\Java\jdk-17\bin\jsvml.dll
0x00007ffd38e30000 - 0x00007ffd395c2000 	C:\WINDOWS\System32\SHELL32.dll
0x00007ffd34df0000 - 0x00007ffd35682000 	C:\WINDOWS\SYSTEM32\windows.storage.dll
0x00007ffd38030000 - 0x00007ffd38127000 	C:\WINDOWS\System32\SHCORE.dll
0x00007ffd39b20000 - 0x00007ffd39b87000 	C:\WINDOWS\System32\shlwapi.dll
0x00007ffd372a0000 - 0x00007ffd372c9000 	C:\WINDOWS\SYSTEM32\profapi.dll
0x00007ffc9e110000 - 0x00007ffc9e128000 	C:\Program Files\Java\jdk-17\bin\zip.dll
0x00007ffceb8e0000 - 0x00007ffceb8f9000 	C:\Program Files\Java\jdk-17\bin\net.dll
0x00007ffd25500000 - 0x00007ffd25627000 	C:\WINDOWS\SYSTEM32\WINHTTP.dll
0x00007ffd36610000 - 0x00007ffd3667c000 	C:\WINDOWS\system32\mswsock.dll
0x00007ffcd0e60000 - 0x00007ffcd0e76000 	C:\Program Files\Java\jdk-17\bin\nio.dll
0x00007ffd14d40000 - 0x00007ffd14d50000 	C:\Program Files\Java\jdk-17\bin\verify.dll
0x00007ffcd0e80000 - 0x00007ffcd0ea7000 	C:\Users\ag913\.gradle\native\1def1411415f61bf3af743bc5b6707747c0891f09f0c88961ee8f79bc544acac\windows-amd64\native-platform.dll
0x00007ffc8df40000 - 0x00007ffc8dfb7000 	C:\Users\ag913\.gradle\native\0.2.8\x86_64-windows-gnu\gradle-fileevents.dll
0x00007ffd14560000 - 0x00007ffd1456a000 	C:\Program Files\Java\jdk-17\bin\management.dll
0x00007ffd11c00000 - 0x00007ffd11c0b000 	C:\Program Files\Java\jdk-17\bin\management_ext.dll
0x00007ffd35aa0000 - 0x00007ffd35ad3000 	C:\WINDOWS\SYSTEM32\IPHLPAPI.DLL
0x00007ffd39bf0000 - 0x00007ffd39bfa000 	C:\WINDOWS\System32\NSI.dll
0x00007ffd25d40000 - 0x00007ffd25d5d000 	C:\WINDOWS\SYSTEM32\dhcpcsvc6.DLL
0x00007ffd25a70000 - 0x00007ffd25a95000 	C:\WINDOWS\SYSTEM32\dhcpcsvc.DLL
0x00007ffd35ae0000 - 0x00007ffd35c36000 	C:\WINDOWS\SYSTEM32\DNSAPI.dll
0x00007ffd363f0000 - 0x00007ffd363fd000 	C:\WINDOWS\SYSTEM32\DSPARSE.dll
0x00007ffd36910000 - 0x00007ffd3692b000 	C:\WINDOWS\SYSTEM32\CRYPTSP.dll
0x00007ffd35fc0000 - 0x00007ffd35ff9000 	C:\WINDOWS\system32\rsaenh.dll
0x00007ffd366d0000 - 0x00007ffd36702000 	C:\WINDOWS\SYSTEM32\USERENV.dll
0x00007ffd37270000 - 0x00007ffd3729a000 	C:\WINDOWS\SYSTEM32\bcrypt.dll
0x00007ffd36930000 - 0x00007ffd3693c000 	C:\WINDOWS\SYSTEM32\CRYPTBASE.dll
0x00007ffd0db40000 - 0x00007ffd0db4e000 	C:\Program Files\Java\jdk-17\bin\sunmscapi.dll
0x00007ffd37430000 - 0x00007ffd375a8000 	C:\WINDOWS\System32\CRYPT32.dll
0x00007ffd36b50000 - 0x00007ffd36b80000 	C:\WINDOWS\SYSTEM32\ncrypt.dll
0x00007ffd36b00000 - 0x00007ffd36b3f000 	C:\WINDOWS\SYSTEM32\NTASN1.dll
0x00007ffcf2bc0000 - 0x00007ffcf2bc8000 	C:\WINDOWS\system32\wshunix.dll
0x00007ffd36190000 - 0x00007ffd361c6000 	C:\WINDOWS\SYSTEM32\ntmarta.dll
0x00007ffd25d70000 - 0x00007ffd25d7b000 	C:\Windows\System32\rasadhlp.dll
0x00007ffd26380000 - 0x00007ffd26406000 	C:\WINDOWS\System32\fwpuclnt.dll
0x00007ffd33be0000 - 0x00007ffd33c80000 	C:\WINDOWS\system32\apphelp.dll
0x00007ffd17340000 - 0x00007ffd17347000 	C:\Program Files\Java\jdk-17\bin\rmi.dll

dbghelp: loaded successfully - version: 4.0.5 - missing functions: none
symbol engine: initialized successfully - sym options: 0x614 - pdb path: .;C:\Program Files\Java\jdk-17\bin;C:\WINDOWS\SYSTEM32;C:\WINDOWS\WinSxS\amd64_microsoft.windows.common-controls_6595b64144ccf1df_6.0.26100.8875_none_3e0d5d42e32fe9dd;C:\Program Files\Java\jdk-17\bin\server;C:\Users\ag913\.gradle\native\1def1411415f61bf3af743bc5b6707747c0891f09f0c88961ee8f79bc544acac\windows-amd64;C:\Users\ag913\.gradle\native\0.2.8\x86_64-windows-gnu

VM Arguments:
jvm_args: --add-opens=java.base/java.lang=ALL-UNNAMED --add-opens=java.base/java.lang.invoke=ALL-UNNAMED --add-opens=java.base/java.util=ALL-UNNAMED --add-opens=java.prefs/java.util.prefs=ALL-UNNAMED --add-exports=jdk.compiler/com.sun.tools.javac.api=ALL-UNNAMED --add-exports=jdk.compiler/com.sun.tools.javac.util=ALL-UNNAMED --add-opens=java.base/java.util=ALL-UNNAMED --add-opens=java.prefs/java.util.prefs=ALL-UNNAMED --add-opens=java.base/java.nio.charset=ALL-UNNAMED --add-opens=java.base/java.net=ALL-UNNAMED --add-opens=java.base/java.util.concurrent=ALL-UNNAMED --add-opens=java.base/java.util.concurrent.atomic=ALL-UNNAMED --add-opens=java.xml/javax.xml.namespace=ALL-UNNAMED -XX:MaxMetaspaceSize=1024m -XX:+HeapDumpOnOutOfMemoryError -Xmx3072m -Dfile.encoding=UTF-8 -Duser.country=IN -Duser.language=en -Duser.variant -javaagent:C:\Users\ag913\.gradle\wrapper\dists\gradle-9.0.0-bin\d6wjpkvcgsg3oed0qlfss3wgl\gradle-9.0.0\lib\agents\gradle-instrumentation-agent-9.0.0.jar 
java_command: org.gradle.launcher.daemon.bootstrap.GradleDaemon 9.0.0
java_class_path (initial): C:\Users\ag913\.gradle\wrapper\dists\gradle-9.0.0-bin\d6wjpkvcgsg3oed0qlfss3wgl\gradle-9.0.0\lib\gradle-daemon-main-9.0.0.jar
Launcher Type: SUN_STANDARD

[Global flags]
     intx CICompilerCount                          = 3                                         {product} {ergonomic}
   size_t CompressedClassSpaceSize                 = 872415232                                 {product} {ergonomic}
     uint ConcGCThreads                            = 1                                         {product} {ergonomic}
     uint G1ConcRefinementThreads                  = 4                                         {product} {ergonomic}
   size_t G1HeapRegionSize                         = 2097152                                   {product} {ergonomic}
    uintx GCDrainStackTargetSize                   = 64                                        {product} {ergonomic}
     bool HeapDumpOnOutOfMemoryError               = true                                   {manageable} {command line}
   size_t InitialHeapSize                          = 130023424                                 {product} {ergonomic}
   size_t MarkStackSize                            = 4194304                                   {product} {ergonomic}
   size_t MaxHeapSize                              = 3221225472                                {product} {command line}
   size_t MaxMetaspaceSize                         = 1073741824                                {product} {command line}
   size_t MaxNewSize                               = 1931476992                                {product} {ergonomic}
   size_t MinHeapDeltaBytes                        = 2097152                                   {product} {ergonomic}
   size_t MinHeapSize                              = 8388608                                   {product} {ergonomic}
    uintx NonNMethodCodeHeapSize                   = 5832780                                {pd product} {ergonomic}
    uintx NonProfiledCodeHeapSize                  = 122912730                              {pd product} {ergonomic}
    uintx ProfiledCodeHeapSize                     = 122912730                              {pd product} {ergonomic}
    uintx ReservedCodeCacheSize                    = 251658240                              {pd product} {ergonomic}
     bool SegmentedCodeCache                       = true                                      {product} {ergonomic}
   size_t SoftMaxHeapSize                          = 3221225472                             {manageable} {ergonomic}
     bool UseCompressedClassPointers               = true                           {product lp64_product} {ergonomic}
     bool UseCompressedOops                        = true                           {product lp64_product} {ergonomic}
     bool UseG1GC                                  = true                                      {product} {ergonomic}
     bool UseLargePagesIndividualAllocation        = false                                  {pd product} {ergonomic}

Logging:
Log output configuration:
 #0: stdout all=warning uptime,level,tags
 #1: stderr all=off uptime,level,tags

Environment Variables:
JAVA_HOME=C:\Program Files\Java\jdk-17
PATH=C:/Users/ag913/.gemini/antigravity-ide/bin;C:\Program Files\Common Files\Oracle\Java\javapath;C:\WINDOWS\system32;C:\WINDOWS;C:\WINDOWS\System32\Wbem;C:\WINDOWS\System32\WindowsPowerShell\v1.0\;C:\WINDOWS\System32\OpenSSH\C:\Users\ag913\Downloads;C:\ProgramData\chocolatey\bin;C:\WINDOWS\System32\OpenSSH\;C:\Users\ag913\AppData\Local\Android\Sdk\platforms;C:\Users\ag913\AppData\Local\Android\Sdk;C:\Users\ag913\AppData\Local\Android\Sdk\platform-tools;C:\Users\ag913\AppData\Local\Android\Sdk\platforms;C:\Users\ag913\AppData\Local\Android\Sdk\emulator;C:\Program Files\Microsoft\jdk-17.0.15.6-hotspot\bin;C:\Program Files\nodejs\;C:\Users\ag913\AppData\Local\Android\Sdk\emulator;C:\Users\ag913\AppData\Local\Android\Sdk\tools;C:\Users\ag913\AppData\Local\Android\Sdk\tools\bin;C:\Users\ag913\AppData\Local\Android\Sdk\platform-tools;A:\AI_LOGS\Git LFS;C:\Program Files\Git LFS;C:\Program Files\Java\jdk-17.0.17\bin;C:\Program Files\Java\jdk-17\bin;C:\Program Files\Git\cmd;C:\Program Files\Redis\;C:\Program Files\Qoder\bin;C:\Program Files\PowerShell\7\;C:\Users\ag913\AppData\Local\Programs\Python\Python312\Scripts\;C:\Users\ag913\AppData\Local\Programs\Python\Python312\;C:\Users\ag913\AppData\Local\Programs\Python\Launcher\;C:\Users\ag913\AppData\Local\jdk-11.0.2\bin;C:\Users\ag913\AppData\Local\Microsoft\WindowsApps;C:\Users\ag913\AppData\Local\GitHubDesktop\bin;C:\Users\ag913\AppData\Local\Programs\Microsoft VS Code\bin;C:\Users\ag913\.fly\bin;C:\Users\ag913\AppData\Local\Android\Sdk\platform-tools;C:\Users\ag913\AppData\Local\Android\Sdk\build-tools;C:\Users\ag913\AppData\Local\Android\Sdk\emulator;C:\Users\ag913\AppData\Local\Android\Sdk\platforms;C:\Program Files\Microsoft\jdk-17.0.15.6-hotspot\bin;C:\Users\ag913\AppData\Roaming\npm;C:\Program Files\Microsoft\jdk-17.0.15.6-hotspot;C:\Users\ag913\AppData\Local\Android\Sdk\emulator;C:\Users\ag913\AppData\Local\Android\Sdk\tools;C:\Users\ag913\AppData\Local\Android\Sdk\tools\bin;C:\Users\ag913\AppData\Local\Android\Sdk\pl
USERNAME=ag913
OS=Windows_NT
PROCESSOR_IDENTIFIER=Intel64 Family 6 Model 140 Stepping 1, GenuineIntel



---------------  S Y S T E M  ---------------

OS:
 Windows 11 , 64 bit Build 26100 (10.0.26100.8875)
OS uptime: 0 days 10:22 hours
Hyper-V role detected

CPU: total 4 (initial active 4) (2 cores per cpu, 2 threads per core) family 6 model 140 stepping 1 microcode 0xb4, cx8, cmov, fxsr, ht, mmx, 3dnowpref, sse, sse2, sse3, ssse3, sse4.1, sse4.2, popcnt, lzcnt, tsc, tscinvbit, avx, avx2, aes, erms, clmul, bmi1, bmi2, adx, avx512f, avx512dq, avx512cd, avx512bw, avx512vl, sha, fma, vzeroupper, avx512_vpopcntdq, avx512_vpclmulqdq, avx512_vaes, avx512_vnni, clflush, clflushopt, clwb, avx512_vbmi2, avx512_vbmi, hv

Memory: 4k page, system-wide physical 7834M (957M free)
TotalPageFile size 31386M (AvailPageFile size 264M)
current process WorkingSet (physical memory assigned to process): 571M, peak: 1559M
current process commit charge ("private bytes"): 2611M, peak: 2937M

vm_info: Java HotSpot(TM) 64-Bit Server VM (17.0.17+8-LTS-360) for windows-amd64 JRE (17.0.17+8-LTS-360), built on Sep 27 2025 05:17:01 by "mach5run" with MS VC++ 17.6 (VS2022)

END.
